distance,enemyBulletPower,myAdvancingVelocity,myLateralAcceleration,myLateralVelocity,type,guessFactor
294.40,1.90,1.59,0.00,7.84,MISS,1.03
353.83,1.90,3.32,0.00,7.28,MISS,0.99
404.88,1.90,2.89,0.00,7.46,MISS,1.02
421.47,1.90,2.68,0.00,7.54,HIT,0.87
410.72,3.00,2.84,0.00,7.48,MISS,0.92
440.66,1.90,2.68,0.00,7.54,MISS,0.19
457.32,1.90,2.51,0.00,7.60,MISS,-0.17
456.78,1.90,2.22,0.95,6.64,MISS,0.18
467.89,1.90,0.00,1.97,0.00,MISS,0.14
424.41,1.90,-0.09,1.48,0.49,MISS,0.03
413.13,1.90,0.26,0.97,1.07,MISS,0.06
414.96,1.90,0.45,0.97,1.72,MISS,0.02
362.82,1.90,1.15,0.93,2.85,HIT,0.10
379.07,1.90,0.43,-1.95,1.92,MISS,-0.56
361.20,1.90,0.97,-1.90,3.00,MISS,0.39
372.29,1.90,3.14,0.00,7.36,MISS,-0.48
394.62,1.90,1.83,0.93,4.65,MISS,0.33
430.44,1.90,2.32,-0.00,7.66,MISS,-0.46
407.19,1.90,1.38,0.94,3.75,MISS,0.40
431.73,1.90,2.55,0.00,7.58,MISS,-0.43
442.88,1.90,1.63,0.95,4.73,MISS,0.37
464.61,1.90,2.02,-0.00,7.74,MISS,-0.34
467.71,1.90,0.91,0.95,2.86,HIT,0.44
491.14,1.90,2.07,0.00,7.73,MISS,0.36
486.54,1.90,0.58,0.96,1.91,MISS,-0.06
496.48,1.90,0.81,0.96,2.89,MISS,-0.13
545.36,1.90,1.89,0.96,6.74,MISS,-0.32
560.22,1.90,-0.58,1.00,7.48,MISS,-0.11
595.04,1.90,1.60,0.96,5.78,BULLETHITBULLET,0.83
541.67,1.90,0.11,-2.00,6.00,HIT,-0.37
555.23,1.90,2.14,0.96,7.71,MISS,0.20
568.91,1.90,-2.43,-0.00,7.62,MISS,0.34
550.90,1.90,0.84,-1.97,4.93,MISS,-0.60
559.49,1.90,-2.23,0.48,7.68,MISS,0.60
510.57,1.90,-2.11,-0.00,7.72,MISS,0.16
520.14,1.90,0.05,1.00,3.00,MISS,0.28
528.14,1.90,0.04,1.00,1.72,HIT,-0.32
511.31,1.90,0.28,-1.94,1.10,MISS,-0.22
531.94,1.90,0.42,-1.95,1.95,MISS,-0.74
558.82,1.90,0.31,-0.00,7.99,BULLETHITBULLET,-0.09
536.49,1.90,0.52,1.00,5.98,MISS,0.22
569.01,1.90,-0.62,0.98,3.45,MISS,0.73
568.83,1.90,-2.67,0.00,7.54,MISS,0.70
541.21,1.90,0.00,-1.94,-0.00,MISS,0.28
527.28,1.90,-1.25,0.98,6.38,MISS,-0.19
546.82,1.90,0.08,1.00,5.00,BULLETHITBULLET,-0.60
543.52,1.90,-0.00,-1.98,-0.00,MISS,-0.70
554.82,1.90,-0.72,0.98,3.93,MISS,0.26
542.05,1.90,0.07,1.00,1.50,HIT,0.68
548.43,1.90,0.44,1.00,5.98,MISS,0.24
550.33,1.90,-0.23,-2.00,4.99,MISS,0.25
556.76,1.90,0.88,-1.98,5.94,MISS,0.30
555.36,1.90,0.52,-1.99,5.98,MISS,-0.67
575.62,1.90,1.19,0.97,4.86,BULLETHITBULLET,-0.37
556.55,1.90,-0.73,1.00,7.97,MISS,0.32
592.75,1.90,0.11,1.47,0.49,MISS,-0.73
573.42,1.90,-1.87,-0.00,7.78,MISS,0.38
556.57,1.90,-0.48,-0.00,7.99,MISS,0.21
556.40,1.90,-0.07,1.00,1.50,MISS,0.09
556.40,1.02,-0.08,1.00,2.00,HIT,0.09
322.32,1.90,3.24,-0.00,7.32,MISS,1.06
344.55,1.90,2.68,-0.00,7.54,MISS,1.05
353.64,1.90,0.47,-0.00,7.99,MISS,1.04
346.77,1.90,0.23,-0.00,8.00,MISS,0.36
419.73,1.90,2.44,0.94,6.56,MISS,0.30
432.92,1.90,-0.44,-1.91,1.43,MISS,-0.85
463.22,1.90,2.33,-0.00,7.65,HIT,0.38
483.80,1.90,1.92,-0.00,7.77,MISS,-0.22
481.43,1.90,0.29,0.99,1.98,MISS,-0.79
480.31,1.90,2.42,0.48,7.63,MISS,1.04
500.60,1.90,1.20,0.00,7.91,MISS,0.93
537.24,1.90,2.21,0.00,7.69,BULLETHITBULLET,-0.11
607.70,1.90,1.95,0.97,7.76,MISS,0.71
656.40,1.90,0.58,0.98,2.94,MISS,0.58
622.31,1.90,0.07,-2.00,4.00,HIT,0.36
557.56,1.90,-0.69,0.00,7.97,MISS,0.21
466.21,1.90,-0.93,-1.90,2.85,MISS,0.07
401.02,1.90,0.06,1.64,0.11,MISS,0.15
349.92,1.90,-1.77,0.63,1.43,MISS,-0.60
315.82,1.90,2.39,0.91,5.33,MISS,1.04
351.71,1.90,2.62,-0.00,7.56,HIT,1.03
382.90,1.90,2.79,-0.00,7.50,MISS,0.64
481.18,1.90,0.46,0.97,1.95,BULLETHITBULLET,0.28
457.30,1.90,2.58,-0.00,7.57,MISS,0.63
489.30,1.90,2.05,-0.00,7.73,MISS,1.02
507.13,1.90,2.26,-0.00,7.67,BULLETHITBULLET,0.55
557.99,1.90,2.13,-0.00,7.71,MISS,-0.22
621.06,1.90,0.90,-1.98,5.93,MISS,-0.84
671.48,1.90,1.41,0.00,7.87,MISS,0.66
669.45,1.90,0.98,0.00,7.94,MISS,0.38
577.76,1.90,-0.98,0.00,7.94,MISS,0.13
461.63,1.90,-1.05,-1.93,3.86,MISS,-0.18
448.25,1.90,-0.05,1.67,0.31,BULLETHITBULLET,-0.69
449.51,1.90,-0.00,-1.95,-0.00,HIT,-0.12
365.82,1.90,-1.59,0.97,5.93,MISS,0.05
378.14,1.90,-0.03,-2.00,1.00,MISS,-0.93
397.44,1.90,-0.64,1.00,7.97,MISS,1.07
412.27,1.90,1.64,-0.00,7.83,MISS,0.64
453.39,1.90,2.08,-0.00,7.72,MISS,-0.00
471.99,1.90,-0.24,1.18,0.71,HIT,0.54
483.26,1.90,-3.00,0.86,5.13,MISS,0.81
406.26,1.90,-4.19,0.00,6.82,MISS,0.63
389.30,1.90,-1.49,-1.94,5.81,MISS,-0.31
430.88,1.90,-0.08,1.12,0.87,MISS,0.79
504.34,1.90,2.35,-0.00,7.65,BULLETHITBULLET,0.59
434.70,1.90,0.49,-0.00,7.98,MISS,0.13
486.74,1.90,-4.17,0.00,6.83,MISS,0.18
506.35,1.90,-1.60,0.00,7.84,BULLETHITBULLET,0.75
492.90,1.90,1.67,0.97,6.80,MISS,0.16
522.55,1.90,1.69,0.97,7.31,BULLETHITBULLET,0.32
556.90,1.90,-0.16,1.43,0.48,BULLETHITBULLET,-0.47
553.55,1.90,-0.94,0.00,7.94,MISS,-0.35
593.98,1.90,-0.17,0.99,0.99,HIT,0.65
557.85,1.90,-0.84,0.99,4.93,BULLETHITBULLET,-0.54
596.06,1.90,-1.61,-0.00,7.84,MISS,0.10
565.60,1.71,-0.06,1.18,0.81,MISS,-0.65
534.88,1.76,2.14,0.00,7.71,MISS,0.27
542.12,1.71,1.70,0.97,6.79,MISS,0.12
548.04,1.76,-0.67,-1.95,2.93,MISS,-0.09
532.89,1.81,0.41,0.97,1.70,MISS,0.23
548.48,1.86,0.46,0.97,1.95,HIT,-0.08
576.17,1.90,-5.64,0.00,5.68,MISS,-0.26
552.71,1.90,2.14,0.96,7.71,MISS,0.13
544.48,1.90,-0.54,-1.68,0.84,MISS,-0.28
540.90,1.90,1.76,-1.80,3.59,MISS,0.35
541.72,1.90,0.00,-1.96,-0.00,MISS,-0.81
570.66,1.90,-0.20,-1.99,1.99,MISS,0.61
596.18,1.90,1.57,-0.00,7.84,MISS,0.24
620.48,1.90,1.85,-0.00,7.78,MISS,0.15
626.33,1.90,0.00,1.95,0.00,MISS,0.17
582.20,1.90,1.93,0.00,7.76,MISS,-0.13
509.80,1.90,1.25,0.99,7.40,HIT,0.07
525.54,1.90,0.54,0.98,2.44,MISS,-0.22
544.34,1.90,0.30,1.00,3.74,MISS,0.21
561.21,1.90,0.92,0.98,4.34,MISS,-0.24
604.37,1.90,-0.14,0.99,0.99,MISS,0.78
604.21,1.90,-0.62,0.99,4.46,MISS,0.75
600.96,1.90,-1.19,0.00,7.91,MISS,0.20
641.34,1.90,1.07,0.00,7.93,MISS,-0.49
707.03,1.90,-0.97,0.95,2.84,MISS,0.87
685.70,1.90,-1.81,-1.91,5.72,MISS,0.58
568.23,1.90,-2.69,-0.00,7.53,MISS,0.21
440.43,1.90,-1.77,-0.00,7.80,MISS,-0.39
432.03,1.90,0.69,0.99,4.45,MISS,0.95
451.07,1.90,2.06,0.97,7.73,MISS,1.05
447.48,1.90,2.20,0.00,7.69,MISS,0.69
457.44,1.90,2.07,0.00,7.73,MISS,0.11
503.36,1.90,1.17,0.00,7.91,MISS,-0.61
510.92,1.90,-0.54,1.00,5.98,MISS,0.93
524.21,1.90,-0.73,-0.00,7.97,MISS,0.30
520.43,1.90,-0.20,-0.00,8.00,HIT,-0.39
516.93,1.90,0.62,0.99,3.95,MISS,0.92
498.44,1.90,2.29,0.00,7.66,MISS,0.52
491.74,1.90,2.26,0.00,7.67,MISS,0.15
487.19,1.90,0.13,-2.00,2.00,MISS,-0.15
473.14,1.90,-0.25,-1.94,0.97,HIT,-0.33
506.61,1.90,0.85,0.97,3.65,MISS,0.63
535.34,1.90,0.60,0.99,5.15,MISS,0.68
515.04,1.90,-3.61,0.00,7.14,MISS,0.19
462.74,1.90,-1.52,-1.72,2.58,MISS,-0.28
460.95,1.90,0.89,0.97,3.38,MISS,0.69
489.24,1.90,1.73,0.96,5.61,MISS,0.95
527.58,1.90,1.97,-0.00,7.75,MISS,1.03
544.26,1.90,1.72,-0.00,7.81,MISS,0.77
548.04,1.90,1.79,-0.00,7.80,MISS,0.27
595.53,1.90,1.93,-0.00,7.76,MISS,-0.39
632.37,1.90,0.03,1.00,1.00,MISS,0.80
623.29,1.90,1.87,0.00,7.78,MISS,0.29
616.05,1.90,1.61,0.00,7.84,MISS,-0.22
624.15,1.90,0.69,-1.99,5.96,MISS,-0.80
629.07,0.58,0.87,-0.00,7.95,MISS,0.97
262.00,1.90,5.31,-0.00,5.98,MISS,-0.07
317.59,1.90,1.40,0.96,4.80,HIT,-0.17
340.45,1.90,1.03,0.91,2.28,MISS,0.98
402.78,1.90,2.93,-0.00,7.44,HIT,0.95
488.97,1.90,2.32,-0.00,7.66,MISS,0.16
511.17,1.90,1.82,-0.00,7.79,MISS,-0.34
508.37,1.90,1.52,0.97,5.80,MISS,0.16
542.49,1.90,2.16,0.96,7.70,MISS,-0.50
545.39,1.90,0.31,0.97,1.21,MISS,0.82
582.49,1.90,2.04,-0.00,7.74,MISS,0.17
618.64,1.90,1.60,-0.00,7.84,MISS,-0.47
619.20,1.90,0.34,0.97,1.46,MISS,0.71
631.04,1.90,1.65,0.00,7.83,MISS,0.17
658.55,1.90,1.42,0.00,7.87,MISS,-0.34
660.37,1.90,0.09,1.00,1.00,MISS,-0.52
618.76,1.90,1.82,-0.00,7.79,HIT,0.16
625.91,1.90,1.56,-0.00,7.85,MISS,-0.38
696.37,1.90,1.70,0.00,7.82,BULLETHITBULLET,0.68
629.39,1.90,-0.05,1.00,2.50,MISS,0.75
641.00,1.90,0.90,0.00,7.95,BULLETHITBULLET,-0.14
703.19,1.90,-1.59,-0.00,7.84,BULLETHITBULLET,0.38
755.29,1.90,0.59,-1.91,1.91,MISS,-0.84
711.36,1.90,-3.11,-0.00,7.37,MISS,0.80
723.27,1.90,0.65,-0.00,7.97,MISS,-0.33
673.86,1.90,1.59,0.00,7.84,BULLETHITBULLET,-0.47
735.18,1.90,-0.77,0.99,5.95,MISS,-0.81
707.44,1.90,0.97,0.00,7.94,MISS,0.93
688.70,1.90,1.36,0.00,7.88,MISS,0.12
702.30,1.90,1.33,0.99,7.89,MISS,-0.34
675.96,1.90,-0.41,-1.96,1.96,HIT,-0.86
684.13,1.90,1.74,-0.00,7.81,MISS,0.98
679.71,1.90,1.55,-0.00,7.85,MISS,0.87
642.08,1.90,-5.33,-0.00,5.97,BULLETHITBULLET,0.05
692.36,1.90,1.35,-0.00,7.88,MISS,0.67
696.76,1.90,1.34,-0.00,7.89,MISS,0.20
556.36,1.90,-1.37,-1.45,1.45,MISS,-0.84
594.57,1.90,1.59,0.00,7.84,MISS,0.95
625.06,1.90,1.79,0.00,7.80,MISS,0.80
650.17,1.90,1.83,0.00,7.79,MISS,0.26
688.46,1.90,1.67,0.00,7.82,MISS,-0.29
732.75,1.90,0.30,-1.99,3.99,MISS,-0.75
740.44,1.90,0.29,-0.00,7.99,MISS,0.77
727.44,1.90,0.32,1.00,6.99,HIT,0.64
785.42,1.90,0.62,-0.00,7.98,BULLETHITBULLET,0.81
740.85,1.90,1.49,-0.00,7.86,MISS,0.16
755.12,1.90,-0.51,0.94,1.41,MISS,-0.73
720.35,1.90,1.16,0.98,5.63,MISS,0.85
735.42,1.90,0.86,0.99,5.94,MISS,0.52
743.43,1.90,0.29,0.00,7.99,MISS,0.34
735.18,1.90,0.23,0.00,8.00,MISS,0.27
743.67,1.90,-0.17,1.00,1.99,MISS,0.07
740.82,1.90,0.00,-2.00,-0.00,MISS,0.04
734.79,1.90,-0.17,1.00,3.96,MISS,0.07
735.44,1.90,-0.04,1.00,1.00,HIT,0.17
751.20,1.90,-0.95,-1.97,5.92,MISS,0.11
761.54,1.90,0.64,0.98,3.44,MISS,-0.21
759.94,1.90,-0.07,1.00,2.00,MISS,-0.21
748.03,1.90,0.37,-0.00,7.99,MISS,0.09
734.94,1.90,0.55,0.98,2.95,MISS,-0.12
745.27,1.90,-0.06,1.49,0.50,MISS,0.12
741.50,1.90,-0.19,-2.00,4.00,MISS,-0.00
745.58,1.90,0.28,1.00,2.99,MISS,0.05
748.00,1.90,-0.05,1.00,3.50,MISS,-0.09
753.56,1.90,-0.15,0.99,1.49,MISS,0.05
734.20,1.90,0.76,0.98,4.18,MISS,0.24
705.95,1.90,-0.97,0.99,7.31,MISS,-0.56
708.23,1.90,0.07,1.00,1.31,MISS,0.86
731.91,1.90,0.42,-0.00,7.99,MISS,0.52
744.98,1.90,1.00,-1.97,5.92,MISS,0.44
786.56,0.70,1.12,0.98,5.89,MISS,0.35
567.54,1.90,-4.13,0.09,6.39,MISS,-0.16
485.44,1.90,2.15,0.89,7.70,MISS,0.12
436.68,1.90,1.49,-1.94,5.81,MISS,-0.05
444.79,1.90,0.94,0.00,7.94,MISS,-0.63
448.48,1.90,1.32,0.98,6.39,MISS,1.05
480.27,1.90,0.95,-0.00,7.94,HIT,0.96
471.31,1.90,0.64,-0.00,7.97,MISS,0.74
451.91,1.90,0.57,-0.00,7.98,HIT,0.15
465.26,1.90,-0.44,1.00,6.99,BULLETHITBULLET,0.47
431.63,1.90,-0.36,-1.97,1.97,MISS,-0.67
455.41,1.90,-0.97,0.00,7.94,MISS,1.04
488.06,1.90,1.23,0.00,7.91,HIT,0.36
526.66,1.90,1.85,0.00,7.78,MISS,-0.33
518.86,1.90,-0.30,0.99,1.98,MISS,0.96
523.22,1.90,1.47,-0.00,7.86,MISS,0.99
539.69,1.90,1.79,-0.00,7.80,HIT,0.78
541.80,1.90,1.72,-0.00,7.81,MISS,0.52
514.88,1.90,-1.87,-1.90,5.70,MISS,-0.11
434.25,1.90,-2.24,-1.33,2.00,MISS,-0.71
471.46,1.90,2.00,0.00,7.75,MISS,0.88
511.38,1.90,2.27,0.00,7.67,MISS,0.99
552.76,1.90,1.49,0.98,7.86,MISS,0.95
564.98,1.90,0.90,0.00,7.95,MISS,0.51
600.02,1.90,1.71,0.97,6.79,MISS,-0.16
661.93,1.90,-0.21,-2.00,6.00,MISS,-0.73
670.70,1.90,-1.98,0.95,6.19,MISS,0.92
612.12,1.90,-3.19,-0.00,7.34,MISS,0.90
584.57,1.90,-2.09,-0.00,7.72,MISS,0.43
610.70,1.90,0.23,-0.00,8.00,MISS,-0.11
617.29,1.90,0.08,-2.00,3.00,MISS,-0.19
561.78,1.90,1.01,0.99,5.91,MISS,0.08
560.97,1.90,1.31,0.98,5.85,MISS,-0.11
565.65,1.90,0.14,-0.00,8.00,MISS,-0.11
549.47,1.90,-0.01,1.75,0.25,MISS,0.01
463.25,1.90,0.37,0.98,1.65,MISS,-0.20
397.77,1.90,1.18,-1.86,2.95,HIT,-0.40
392.26,1.90,-1.19,0.98,6.30,MISS,-0.24
411.94,1.90,-0.09,1.00,1.50,MISS,0.23
372.79,1.90,2.31,0.00,7.66,MISS,-0.30
388.16,1.90,-0.54,1.00,7.98,MISS,-0.28
430.00,1.90,-0.90,0.95,2.86,HIT,0.81
416.30,1.90,-2.45,0.00,7.61,MISS,0.46
368.45,1.90,-2.50,0.00,7.60,MISS,0.19
356.91,1.90,2.41,0.94,6.57,MISS,-0.59
407.05,1.90,-0.38,1.00,4.48,MISS,0.12
410.16,1.90,0.30,-1.98,1.98,MISS,-0.68
405.66,1.90,0.02,-2.00,2.00,MISS,0.18
396.21,1.90,2.72,-0.00,7.52,MISS,-0.18
383.56,1.90,-2.63,0.94,7.56,MISS,-0.14
403.12,1.90,0.01,1.00,1.75,MISS,-0.07
416.55,0.39,-0.51,0.99,4.97,MISS,-0.50
383.44,1.90,2.74,0.00,7.52,MISS,-0.05
416.21,1.90,2.83,0.94,7.48,MISS,-0.43
412.43,1.90,-0.32,0.99,1.98,MISS,0.82
436.11,1.90,0.56,0.00,7.98,MISS,0.49
462.63,1.90,0.20,-2.00,3.99,MISS,-0.23
382.87,1.90,-3.85,0.52,2.34,MISS,-0.23
380.97,1.90,-0.03,1.00,4.50,BULLETHITBULLET,0.46
379.92,1.90,1.98,-0.00,7.75,MISS,-0.25
404.76,1.90,-2.09,-0.00,7.72,BULLETHITBULLET,0.91
397.79,1.90,0.08,-2.00,2.00,MISS,-0.63
380.85,1.90,0.68,0.94,1.88,MISS,-0.24
349.21,1.90,-3.52,-0.00,7.18,MISS,-0.52
334.23,1.90,2.26,0.89,4.46,MISS,0.45
367.52,1.90,2.56,0.00,7.58,MISS,-0.38
361.57,1.90,-1.06,0.98,4.89,MISS,0.12
323.27,1.90,0.00,1.82,0.00,MISS,0.31
351.15,1.90,2.65,0.00,7.55,MISS,-0.13
351.09,1.90,-2.68,0.94,7.54,MISS,-0.40
330.99,1.90,1.42,0.91,3.20,MISS,0.53
365.84,1.90,3.17,0.00,7.35,MISS,-0.35
376.56,1.90,1.87,0.93,4.64,MISS,0.10
429.11,1.90,0.27,-2.00,5.22,MISS,-0.10
482.01,1.90,1.96,0.00,7.75,MISS,-0.32
502.58,1.90,1.11,0.96,3.84,MISS,0.75
530.22,1.90,-0.88,-0.00,7.95,BULLETHITBULLET,0.74
512.42,1.90,-2.25,-0.00,7.68,MISS,-0.60
530.56,1.90,1.82,0.97,6.76,MISS,0.90
535.86,1.90,2.16,0.00,7.70,MISS,0.76
532.35,1.90,-1.07,0.00,7.93,HIT,0.09
502.96,1.90,-1.98,0.00,7.75,MISS,-0.26
514.54,1.90,1.46,0.97,6.33,HIT,0.06
538.75,1.90,1.73,-0.00,7.81,MISS,-0.54
537.54,1.90,0.24,1.00,8.00,MISS,0.27
547.77,1.90,1.85,0.00,7.78,HIT,-0.30
549.44,1.90,-0.53,0.99,3.96,MISS,0.78
547.79,1.90,0.43,0.99,2.97,MISS,0.73
555.79,1.90,1.18,-0.00,7.91,MISS,0.42
549.88,1.90,-1.39,0.96,4.80,MISS,-0.20
550.37,1.90,0.08,1.48,0.49,HIT,0.62
582.35,1.90,-0.35,1.00,6.62,MISS,0.94
565.10,1.90,-2.26,0.00,7.67,HIT,0.57
532.57,1.90,-0.38,0.00,7.99,MISS,-0.17
562.55,1.90,0.67,-1.95,2.92,MISS,-0.70
565.03,1.88,-2.56,-0.00,7.58,MISS,0.36
514.98,1.86,-1.59,0.97,6.82,MISS,-0.19
437.82,1.83,0.21,0.98,0.98,HIT,0.44
513.08,1.90,-2.36,0.00,7.64,MISS,-0.22
529.09,1.90,2.24,0.96,7.68,MISS,-0.04
567.85,1.90,-0.26,1.28,0.43,MISS,0.21
478.93,1.90,0.55,0.96,1.92,BULLETHITBULLET,0.57
545.92,1.90,-1.77,0.78,2.18,MISS,0.03
495.19,1.90,0.70,0.97,2.98,HIT,-0.01
520.99,1.90,-0.80,0.95,2.34,BULLETHITBULLET,-0.55
528.30,1.90,-0.17,1.43,0.44,MISS,-0.05
550.30,1.90,1.11,0.98,5.15,MISS,-0.15
575.28,1.90,0.00,-2.00,3.00,MISS,-0.69
585.77,1.90,0.82,0.00,7.96,MISS,0.37
608.14,1.90,0.45,0.97,1.95,MISS,-0.15
618.19,1.90,0.16,-1.99,1.99,MISS,-0.48
611.71,1.90,0.31,1.00,4.36,MISS,0.18
640.90,1.90,1.65,-0.00,7.83,MISS,-0.30
646.56,1.90,0.26,0.99,1.48,MISS,-0.72
648.51,1.90,1.21,0.00,7.91,MISS,0.46
650.96,1.90,1.18,-1.96,5.88,MISS,0.51
673.43,1.90,-0.06,1.61,0.37,BULLETHITBULLET,0.26
665.24,1.90,1.55,0.00,7.85,MISS,0.28
674.67,1.90,1.29,0.98,6.18,MISS,0.39
705.80,1.90,-0.00,-1.98,-0.00,MISS,0.04
710.10,1.90,0.25,-1.92,0.84,MISS,0.04
686.18,1.90,-3.57,0.80,4.82,MISS,-0.27
690.49,1.90,0.92,0.99,5.42,MISS,0.15
663.49,1.90,-0.16,1.00,3.00,MISS,-0.15
618.85,1.90,-0.34,0.96,1.20,MISS,-0.08
637.61,1.90,0.51,0.98,2.83,HIT,-0.13
640.10,1.90,-1.39,0.98,7.88,MISS,-0.55
590.08,1.90,0.17,1.00,7.00,MISS,0.57
572.60,1.90,-2.82,-0.00,7.49,MISS,0.29
594.07,1.90,-0.74,-1.97,3.93,MISS,0.13
630.32,1.90,-0.28,0.99,2.23,MISS,0.39
597.96,1.90,-0.56,0.96,2.07,MISS,0.47
529.90,1.90,-0.00,-2.00,-0.00,BULLETHITBULLET,-0.02
541.26,1.90,0.15,1.33,0.61,MISS,-0.16
507.84,1.90,-1.96,0.97,7.76,MISS,-0.36
555.08,1.90,0.81,0.00,7.96,MISS,-0.21
577.72,1.90,0.46,-1.95,1.95,MISS,-0.70
580.84,1.90,-1.71,-0.00,7.82,MISS,0.28
562.03,1.90,0.00,1.99,0.00,MISS,0.31
608.07,1.12,0.13,-2.00,4.00,MISS,-0.84
215.38,1.90,1.63,0.28,6.28,HIT,-0.17
245.89,1.90,3.09,-0.00,7.38,BULLETHITBULLET,0.07
271.91,1.90,1.13,0.99,7.92,MISS,0.60
366.85,1.90,2.98,-1.74,5.21,MISS,0.59
385.91,1.90,1.71,0.94,4.70,HIT,0.69
420.60,1.90,2.25,0.00,7.68,MISS,-0.14
471.22,1.90,0.00,-2.00,-0.00,BULLETHITBULLET,-0.72
493.17,1.90,-2.59,-0.00,7.57,MISS,-0.54
486.11,1.90,1.48,0.96,4.78,MISS,0.87
536.92,1.90,2.21,0.00,7.69,MISS,0.04
565.85,1.90,2.01,0.00,7.74,MISS,-0.59
573.29,1.90,1.30,0.97,5.35,MISS,0.52
573.70,1.90,1.68,-0.00,7.82,HIT,0.17
500.89,1.90,-1.38,0.07,6.73,MISS,-0.26
537.20,1.90,1.78,0.53,7.80,MISS,0.05
574.57,1.90,0.79,0.98,3.92,MISS,0.26
588.51,1.90,0.00,-1.99,-0.00,MISS,0.46
609.99,1.90,0.11,1.46,0.49,MISS,0.90
632.99,1.90,1.59,0.00,7.84,MISS,0.56
681.37,1.90,1.58,0.00,7.84,MISS,-0.04
717.67,1.90,1.66,0.00,7.83,MISS,-0.41
717.78,1.90,-1.27,0.98,5.86,MISS,0.25
698.40,1.90,-1.88,-0.00,7.78,MISS,0.24
697.39,1.90,-0.68,-0.00,7.97,MISS,0.18
719.68,1.90,0.70,0.50,7.97,MISS,-0.22
735.65,1.90,-0.36,0.99,3.48,MISS,0.18
736.93,1.90,0.35,-0.00,7.99,BULLETHITBULLET,-0.02
741.54,1.90,0.14,1.00,6.00,HIT,0.61
724.61,1.90,0.16,1.00,1.99,MISS,0.88
699.95,1.90,1.10,0.98,5.90,MISS,0.85
719.09,1.90,1.30,0.00,7.89,MISS,0.64
733.62,1.90,0.74,1.00,7.97,MISS,0.50
698.63,1.90,-1.51,-1.85,3.71,MISS,0.12
677.95,1.90,0.00,-1.73,-0.00,MISS,-0.18
650.06,1.90,-5.09,0.77,6.18,MISS,-0.22
641.29,1.90,1.75,-0.00,7.81,MISS,0.05
624.85,1.90,1.44,0.97,6.08,HIT,-0.13
637.81,1.90,-1.14,0.97,4.35,MISS,0.22
608.75,1.90,-0.62,-1.97,3.45,MISS,0.26
578.85,1.90,-0.77,-1.96,3.92,MISS,0.18
530.95,1.90,-0.13,-2.00,6.00,BULLETHITBULLET,-0.35
556.81,1.90,0.13,-1.97,0.74,MISS,-0.53
532.09,1.90,0.27,1.00,3.68,MISS,0.98
552.41,1.90,1.90,0.00,7.77,MISS,0.96
622.36,1.90,1.90,0.00,7.77,MISS,0.94
686.56,1.90,1.74,0.00,7.81,BULLETHITBULLET,0.48
696.41,1.90,0.29,0.00,7.99,MISS,0.55
671.32,1.90,-1.35,0.00,7.88,MISS,0.36
569.15,1.90,-0.88,-1.95,3.90,MISS,0.20
546.29,1.90,-0.04,-1.95,0.18,MISS,0.24
563.22,1.90,-0.58,-1.98,3.84,BULLETHITBULLET,0.30
571.69,1.90,-0.07,-2.00,1.47,MISS,-0.65
554.95,1.90,0.12,1.00,1.80,MISS,0.88
571.38,1.90,0.19,-0.00,8.00,MISS,0.58
566.61,1.90,0.08,-0.00,8.00,MISS,0.42
559.83,1.90,0.50,-1.99,5.98,MISS,0.24
544.83,1.90,0.01,-2.00,1.25,MISS,-0.24
568.87,1.90,0.55,-1.96,2.82,MISS,0.10
584.17,1.90,-0.10,1.41,0.55,MISS,0.04
292.94,1.90,3.54,-0.00,7.17,MISS,-0.42
324.66,1.90,2.20,0.90,4.49,MISS,0.93
392.84,1.90,1.80,0.00,7.79,MISS,-0.10
350.78,1.90,0.18,1.40,0.47,MISS,0.94
391.06,1.90,2.39,-0.00,7.64,MISS,1.04
427.44,1.90,2.60,-0.00,7.57,MISS,0.71
468.44,1.90,2.35,-0.00,7.65,MISS,0.05
490.80,1.90,0.41,0.96,1.44,MISS,-0.08
496.15,1.90,1.29,0.96,4.44,MISS,-0.45
515.51,1.90,1.12,0.96,3.84,MISS,0.73
559.51,1.90,2.12,-0.00,7.71,MISS,0.02
604.86,1.90,1.77,-0.00,7.80,MISS,-0.64
599.15,1.90,0.47,-1.94,1.94,MISS,0.97
614.35,1.90,1.80,0.00,7.80,MISS,0.87
635.86,1.90,1.58,0.00,7.84,MISS,0.49
632.72,1.90,1.48,0.00,7.86,MISS,0.00
577.35,1.90,-4.32,-0.77,5.51,MISS,-0.20
595.98,1.90,0.36,0.98,1.62,MISS,0.46
640.61,1.90,1.50,-0.00,7.86,MISS,0.43
636.04,1.90,-0.55,-1.95,2.44,MISS,-0.36
630.15,1.90,1.10,-1.97,5.90,MISS,0.20
563.53,1.90,1.95,-0.00,7.76,MISS,0.02
532.92,1.90,1.43,0.97,5.31,HIT,0.14
545.31,1.90,0.49,0.98,2.20,MISS,-0.32
572.54,1.90,0.07,-2.00,1.20,MISS,-0.65
603.42,1.90,1.38,0.97,5.73,MISS,0.31
638.59,1.90,-1.48,-1.86,3.72,BULLETHITBULLET,-0.14
658.73,1.90,1.06,0.99,6.92,MISS,-0.32
646.23,1.90,1.84,-0.00,7.79,MISS,0.93
680.04,1.90,1.75,-0.00,7.81,MISS,0.91
678.96,1.90,1.71,-0.00,7.81,MISS,0.70
623.17,1.90,1.81,-0.00,7.79,MISS,0.48
622.04,1.90,-0.26,-0.00,8.00,MISS,0.22
414.84,1.90,0.54,-0.00,7.98,MISS,-0.30
429.84,1.90,2.07,0.97,7.73,MISS,-0.10
487.17,1.90,-0.00,1.79,0.00,HIT,-0.01
483.22,1.90,1.96,0.97,7.24,BULLETHITBULLET,-0.25
467.35,1.90,-2.89,-0.00,7.46,MISS,-0.35
514.60,1.90,2.07,0.97,7.73,MISS,-0.54
546.98,1.90,-1.61,0.90,3.39,MISS,0.89
503.13,1.90,-3.03,-0.00,7.40,MISS,0.48
464.54,1.90,-1.81,-0.00,7.79,MISS,-0.30
499.58,1.90,-0.11,1.00,2.00,MISS,0.99
523.25,1.90,-0.32,0.00,7.99,BULLETHITBULLET,0.30
525.59,1.90,-0.75,0.00,7.96,MISS,1.05
550.76,1.90,1.98,0.00,7.75,MISS,0.00
579.67,1.90,-3.07,0.92,7.39,BULLETHITBULLET,0.75
559.46,1.90,1.87,0.00,7.78,MISS,-0.65
548.91,1.90,-3.05,-0.00,7.39,MISS,-0.27
521.20,1.90,0.00,-1.93,-0.00,MISS,-0.87
556.91,1.90,2.11,0.96,7.72,BULLETHITBULLET,-0.21
551.73,1.90,2.15,0.00,7.71,HIT,0.92
575.32,1.90,1.93,0.00,7.76,MISS,-0.07
585.43,1.90,1.59,0.00,7.84,HIT,-0.59
593.90,1.90,1.63,0.98,7.83,MISS,0.72
626.47,1.90,1.30,0.98,6.88,MISS,0.24
628.19,1.90,-1.15,-0.00,7.92,BULLETHITBULLET,0.01
571.17,1.90,-1.44,0.84,2.24,MISS,-0.84
599.85,1.90,1.59,0.17,7.84,MISS,1.02
630.04,1.90,1.62,0.00,7.83,MISS,0.96
652.08,1.90,1.69,0.00,7.82,MISS,0.59
692.42,1.90,1.57,0.00,7.84,MISS,-0.05
742.33,1.90,0.47,0.00,7.99,MISS,-0.56
724.76,1.90,0.78,0.98,3.92,MISS,0.91
730.17,1.90,1.47,-0.00,7.86,MISS,0.94
726.24,1.90,0.27,-0.00,8.00,MISS,0.50
725.07,1.90,0.21,-0.00,8.00,MISS,0.26
758.04,1.90,1.57,-0.00,7.84,MISS,-0.09
799.55,1.90,-0.37,0.98,1.97,MISS,0.23
796.64,1.90,-0.31,-1.98,1.98,MISS,0.06
774.01,1.90,-0.86,0.94,2.35,MISS,0.08
345.58,1.90,3.03,-0.00,7.40,MISS,-0.44
361.42,1.90,3.06,0.92,7.39,HIT,0.06
383.04,1.90,0.17,-1.99,1.99,MISS,-0.09
500.69,1.90,1.88,0.00,7.78,BULLETHITBULLET,0.29
414.46,1.90,2.85,-0.00,7.48,MISS,-0.43
465.19,1.90,2.03,0.00,7.74,MISS,0.06
493.07,1.90,2.13,0.96,7.71,MISS,1.05
523.42,1.90,1.78,-0.00,7.80,MISS,0.93
575.23,1.90,2.05,-0.00,7.73,BULLETHITBULLET,0.43
624.93,1.90,0.87,-0.00,7.95,MISS,-0.31
590.39,1.90,0.00,-1.94,-0.00,MISS,-0.88
600.54,1.90,1.68,0.00,7.82,HIT,0.89
625.98,1.90,0.75,0.00,7.97,MISS,0.50
622.99,1.90,-0.27,0.00,8.00,MISS,0.21
569.15,1.90,-0.51,0.00,7.98,MISS,-0.22
529.29,1.90,1.29,0.98,5.86,MISS,0.28
470.63,1.90,0.34,0.96,1.20,MISS,0.25
493.07,1.90,-0.13,1.45,0.48,BULLETHITBULLET,0.01
509.76,1.90,-0.14,1.34,0.61,MISS,-0.60
472.63,1.90,1.37,0.96,4.48,MISS,0.70
450.90,1.90,2.37,-0.00,7.64,MISS,0.10
479.34,1.90,1.94,-0.00,7.76,MISS,-0.66
477.37,1.90,0.20,1.00,7.00,HIT,1.01
449.92,1.90,-2.24,0.00,7.68,HIT,0.90
477.63,1.90,-0.16,0.00,8.00,HIT,0.26
480.01,1.90,-0.14,0.00,8.00,MISS,-0.64
412.05,1.90,1.17,-1.95,5.37,MISS,0.98
407.57,1.90,2.34,-0.00,7.65,MISS,0.70
441.08,1.90,2.43,-0.00,7.62,MISS,0.23
454.96,1.90,-0.48,0.88,0.88,MISS,0.22
424.64,1.90,-3.34,0.81,4.57,HIT,0.16
405.29,1.88,2.01,0.96,6.71,BULLETHITBULLET,1.03
392.81,1.90,-3.89,0.73,4.21,MISS,-0.14
427.56,1.86,0.93,0.96,3.38,MISS,-0.68
436.74,1.81,-0.61,0.00,7.98,MISS,0.60
432.29,1.86,0.26,0.00,8.00,MISS,0.52
433.72,1.90,0.07,1.00,1.00,HIT,0.20
306.06,1.90,3.96,0.00,6.95,BULLETHITBULLET,0.64
338.70,1.90,3.13,0.46,7.36,MISS,-0.03
369.49,1.90,2.88,0.93,7.46,MISS,-0.57
390.64,1.90,1.67,0.94,4.71,MISS,0.26
425.21,1.90,2.44,-0.00,7.62,MISS,-0.49
432.73,1.90,2.10,0.95,6.68,MISS,0.20
499.61,1.90,1.87,-0.00,7.78,BULLETHITBULLET,0.13
466.85,1.90,2.00,0.00,7.75,MISS,-0.62
469.15,1.90,1.78,0.96,5.73,MISS,0.73
521.70,1.90,2.00,-0.00,7.75,MISS,-0.62
566.11,1.90,0.15,-1.99,1.99,MISS,0.95
596.49,1.90,1.87,0.00,7.78,MISS,0.59
729.00,1.90,-1.03,-0.00,7.93,BULLETHITBULLET,0.20
636.23,1.90,1.87,0.00,7.78,MISS,-0.10
685.17,1.90,1.67,0.00,7.82,MISS,-0.29
733.01,1.90,1.05,0.99,6.41,MISS,0.47
682.91,1.90,0.00,1.96,0.00,MISS,-0.45
706.55,1.90,-0.05,1.49,0.50,MISS,0.36
723.83,1.90,0.85,-0.00,7.96,HIT,-0.15
751.30,1.90,-0.27,-0.00,8.00,MISS,-0.50
738.42,1.90,-0.04,1.00,6.00,MISS,0.30
740.58,1.90,1.10,0.00,7.92,MISS,-0.18
713.25,1.90,1.60,0.00,7.84,MISS,-0.58
679.34,1.90,-1.12,0.97,4.36,MISS,0.74
653.96,1.90,-0.68,-0.00,7.97,MISS,0.51
590.06,1.90,-1.64,0.96,5.77,HIT,0.25
585.31,1.90,-3.09,0.86,5.14,MISS,-0.09
602.95,1.90,0.50,0.81,0.37,MISS,0.43
614.23,1.90,0.72,0.97,3.08,MISS,0.76
634.86,1.90,0.14,1.45,0.21,MISS,0.92
636.70,1.90,-1.09,0.00,7.92,MISS,0.97
649.04,1.90,-0.45,0.00,7.99,MISS,0.60
708.20,1.90,1.47,0.00,7.86,MISS,-0.03
773.50,1.90,1.45,0.00,7.87,MISS,-0.50
760.58,1.90,-0.64,0.99,3.95,MISS,0.78
746.34,1.90,-0.83,-0.00,7.96,HIT,0.61
748.45,1.90,-1.35,-0.00,7.88,MISS,0.12
675.24,1.90,-1.43,0.98,6.85,MISS,-0.22
603.15,1.90,0.00,1.98,0.00,MISS,0.49
651.71,1.90,0.23,1.00,3.49,MISS,0.19
683.44,1.90,0.32,1.00,4.99,HIT,-0.23
683.33,1.90,-0.02,1.00,1.00,MISS,-0.47
695.30,1.90,0.18,1.00,7.12,MISS,0.24
714.27,1.90,-0.08,1.00,3.00,MISS,0.08
706.73,1.90,-0.08,1.00,1.25,MISS,-0.04
711.91,1.90,-0.06,1.00,3.00,MISS,0.14
187.55,1.90,7.20,-0.00,3.49,MISS,0.89
261.69,1.90,3.87,-0.00,7.00,MISS,0.68
397.41,1.90,2.38,0.95,7.64,BULLETHITBULLET,0.68
333.59,1.90,3.51,-0.00,7.19,MISS,0.05
428.06,1.90,0.97,-1.96,4.90,BULLETHITBULLET,0.57
468.74,1.90,0.05,-0.05,7.64,MISS,-0.54
497.74,1.90,2.37,0.00,7.64,MISS,0.12
561.00,1.90,2.12,0.00,7.71,MISS,-0.49
561.07,1.90,0.71,0.98,3.30,MISS,0.58
595.38,1.90,2.00,-0.00,7.75,BULLETHITBULLET,-0.01
639.61,1.90,0.01,1.78,0.22,MISS,0.61
675.64,1.90,0.23,0.98,1.24,MISS,0.87
690.17,1.90,-1.83,0.00,7.79,HIT,0.48
685.78,1.90,-1.14,0.00,7.92,HIT,-0.10
655.93,1.90,-1.18,0.00,7.91,MISS,-0.62
615.48,1.90,1.60,0.97,6.81,MISS,0.65
573.77,1.90,1.97,-0.00,7.75,MISS,0.40
592.33,1.90,1.69,-0.00,7.82,MISS,-0.14
591.19,1.90,0.07,1.00,1.87,MISS,0.46
619.93,1.90,-0.69,0.00,7.97,BULLETHITBULLET,0.37
589.83,1.90,-0.13,1.34,0.61,MISS,-0.86
616.03,1.90,1.52,0.00,7.85,MISS,1.00
550.89,1.90,-1.37,-1.95,5.84,HIT,0.24
470.41,1.90,-2.18,0.00,7.70,HIT,-0.35
477.97,1.90,0.57,0.99,3.96,HIT,0.93
511.97,1.90,0.63,-0.00,7.98,MISS,1.01
511.27,1.90,0.22,-0.00,8.00,MISS,0.77
487.22,1.90,0.18,-0.00,8.00,MISS,0.42
505.92,1.90,-0.56,-0.00,7.98,MISS,-0.26
531.61,1.90,-0.75,-1.81,1.58,MISS,-0.72
549.51,1.90,0.12,1.00,5.53,MISS,1.03
545.13,1.90,2.10,0.00,7.72,MISS,1.02
570.94,1.90,-3.14,0.92,7.36,BULLETHITBULLET,-0.69
556.70,1.90,1.86,0.00,7.78,MISS,0.65
572.76,1.90,1.64,0.00,7.83,MISS,0.28
547.06,1.90,0.79,0.97,3.41,MISS,0.73
575.87,1.90,0.94,0.98,4.27,MISS,0.93
603.32,1.90,0.78,-0.00,7.96,MISS,0.61
656.90,1.90,1.05,-0.00,7.93,MISS,-0.03
729.73,1.90,1.63,-0.00,7.83,MISS,-0.37
732.57,1.90,0.00,1.98,0.00,MISS,-0.56
736.82,1.90,-1.20,0.00,7.91,MISS,0.32
675.46,1.90,-0.76,-1.96,3.93,MISS,0.12
597.22,1.90,-0.90,0.97,3.45,MISS,0.05
562.35,1.90,-0.46,-1.98,2.96,MISS,-0.50
548.35,1.90,-0.00,-1.96,-0.00,MISS,0.34
563.13,1.90,0.62,0.99,5.15,MISS,0.07
541.41,1.90,1.98,-0.00,7.75,HIT,-0.38
551.51,1.90,-0.18,1.16,0.79,MISS,0.84
549.18,1.90,-0.15,0.00,8.00,MISS,0.54
506.33,1.90,-2.19,0.00,7.69,MISS,0.21
455.76,1.90,-2.66,0.75,2.99,MISS,-0.30
383.66,1.90,-0.00,-1.77,-0.00,MISS,0.33
413.37,1.90,1.07,0.96,3.59,BULLETHITBULLET,0.30
388.28,1.90,2.31,0.94,6.48,MISS,0.31
433.06,1.90,0.93,0.98,5.10,MISS,-0.09
449.65,1.90,-0.38,-1.99,3.98,MISS,-0.19
480.46,1.90,1.14,0.00,7.92,MISS,-0.40
486.81,0.86,0.11,1.00,6.00,MISS,0.81
211.84,1.90,7.19,0.00,3.51,MISS,0.67
286.87,1.90,3.51,0.00,7.19,HIT,-0.10
296.48,1.90,1.45,0.93,3.60,MISS,0.86
319.53,1.90,2.87,-0.00,7.47,MISS,0.23
311.92,1.90,-1.78,-1.91,5.73,MISS,-0.22
365.89,1.90,2.55,0.00,7.58,HIT,-0.22
384.70,1.90,2.43,0.95,7.62,MISS,-0.44
428.35,1.90,1.79,0.95,5.73,MISS,0.33
487.29,1.90,2.43,0.00,7.62,MISS,-0.49
499.67,1.90,0.33,1.00,5.49,MISS,0.90
478.43,1.90,-0.46,-1.99,3.97,BULLETHITBULLET,0.23
499.47,1.90,0.75,-0.00,7.96,MISS,0.66
501.66,1.90,0.43,-0.00,7.99,MISS,0.61
454.68,1.90,-0.18,1.00,6.00,MISS,-0.15
473.16,1.90,0.08,-1.99,1.00,MISS,-0.94
483.23,1.90,-0.71,0.00,7.97,MISS,1.02
506.07,1.90,1.33,0.00,7.89,MISS,1.04
546.62,1.90,2.07,0.00,7.73,MISS,1.05
561.09,1.90,1.71,0.00,7.82,MISS,1.02
572.08,1.90,1.69,0.00,7.82,MISS,0.97
575.39,1.90,1.95,0.00,7.76,MISS,0.67
695.00,1.90,0.04,1.49,0.50,BULLETHITBULLET,-0.10
641.76,1.90,0.15,0.00,8.00,MISS,0.58
683.19,1.90,0.69,0.00,7.97,MISS,0.30
703.97,1.90,0.99,0.00,7.94,MISS,-0.37
718.29,1.90,-0.09,1.36,0.62,MISS,-0.65
744.34,1.90,-0.36,0.99,2.65,MISS,0.91
751.22,1.90,-1.94,-0.00,7.76,MISS,0.55
674.75,1.90,-2.31,0.96,7.66,HIT,0.18
642.10,1.90,-1.16,-0.00,7.92,MISS,-0.40
671.24,1.90,-0.01,-2.00,1.00,HIT,-0.85
713.81,1.90,-0.24,0.00,8.00,MISS,0.92
733.85,1.90,1.40,0.00,7.88,MISS,0.61
745.50,1.90,-0.50,0.00,7.98,BULLETHITBULLET,0.52
748.08,1.90,1.27,0.00,7.90,MISS,0.27
686.02,1.90,-0.38,-1.85,0.92,MISS,-0.68
701.89,1.26,0.30,0.99,1.85,MISS,0.87
739.43,1.90,0.85,-0.00,7.95,MISS,-0.33
760.75,1.90,-0.46,0.99,2.96,BULLETHITBULLET,0.55
758.32,1.50,-1.16,0.00,7.91,HIT,0.22
292.81,1.90,3.54,0.00,7.17,HIT,0.34
306.47,1.90,0.82,0.91,1.83,MISS,0.69
341.92,1.90,1.25,0.00,7.90,MISS,-0.21
388.25,1.90,-0.74,0.96,2.39,MISS,0.06
368.60,1.90,-0.88,-1.91,2.87,MISS,-0.77
398.37,1.90,0.92,0.98,4.92,MISS,1.01
431.85,1.90,0.52,0.00,7.98,MISS,1.08
416.65,1.90,-0.21,0.00,8.00,HIT,0.95
393.31,1.90,-0.36,0.00,7.99,HIT,0.57
305.82,1.90,-3.80,0.00,7.04,MISS,-0.45
321.23,1.90,-0.08,1.00,5.00,MISS,1.10
326.39,1.90,0.03,-0.00,8.00,MISS,0.58
319.32,1.90,1.18,-0.00,7.91,MISS,-0.46
357.23,1.90,-1.65,0.94,4.72,MISS,0.63
283.87,1.90,-2.70,0.00,7.53,MISS,-0.28
278.56,1.90,0.82,0.97,3.40,MISS,1.03
302.78,1.90,2.08,-0.00,7.73,HIT,0.84
372.57,1.90,3.05,-0.00,7.40,MISS,1.06
409.80,1.90,2.48,-0.00,7.61,MISS,1.07
433.33,1.90,0.78,-0.00,7.96,MISS,1.02
407.73,1.90,-1.33,-0.00,7.89,HIT,0.54
438.68,1.90,1.10,-0.00,7.92,MISS,-0.43
483.39,1.90,-0.71,-1.92,2.40,MISS,0.43
464.06,1.90,-2.10,0.00,7.72,MISS,-0.23
439.94,1.90,1.26,0.95,3.80,BULLETHITBULLET,0.55
459.34,1.90,1.70,0.97,6.53,MISS,1.04
486.63,1.90,2.08,-0.00,7.73,MISS,1.02
539.38,1.90,2.13,-0.00,7.71,MISS,1.02
595.38,1.90,1.72,-0.00,7.81,MISS,0.99
624.60,1.90,1.61,-0.00,7.84,MISS,0.93
565.55,1.90,-1.04,-0.00,7.93,MISS,0.77
537.51,1.90,-0.49,-0.00,7.99,MISS,0.25
514.47,1.90,-2.46,-1.82,5.47,MISS,-0.32
486.56,1.90,0.98,0.96,3.57,MISS,0.81
471.66,1.90,0.91,0.97,3.90,MISS,0.97
490.33,1.90,0.87,0.00,7.95,HIT,1.01
495.87,1.90,0.96,0.00,7.94,MISS,0.75
498.90,1.90,1.19,0.00,7.91,MISS,0.41
498.50,1.90,-1.48,0.00,7.86,MISS,-0.24
479.44,1.90,-0.50,0.90,0.79,MISS,-0.72
488.07,1.90,-0.03,1.00,5.26,MISS,1.03
508.30,1.90,1.90,-0.00,7.77,MISS,1.03
533.85,1.90,2.02,-0.00,7.74,MISS,0.89
546.58,1.90,1.93,-0.00,7.76,BULLETHITBULLET,0.96
553.02,1.90,-1.66,-0.00,7.83,MISS,-0.32
509.61,1.90,0.16,1.42,0.47,MISS,0.90
557.50,1.90,2.13,0.00,7.71,MISS,0.29
620.72,1.90,1.78,0.00,7.80,HIT,-0.16
636.57,1.90,0.00,-1.96,-0.00,MISS,-0.37
645.75,1.90,1.66,-0.00,7.83,MISS,-0.01
689.32,1.90,0.63,0.98,2.93,BULLETHITBULLET,0.08
717.79,1.90,0.11,1.00,5.00,MISS,-0.02
720.80,1.90,0.38,1.00,5.49,MISS,-0.01
748.74,1.90,0.16,-1.99,1.99,MISS,-0.40
746.19,1.90,-0.19,-0.00,8.00,MISS,0.36
745.76,1.90,0.01,1.00,1.00,MISS,-0.21
747.43,1.90,-0.04,1.00,2.00,MISS,0.34
747.11,1.90,-0.41,1.00,4.98,MISS,0.14
727.23,1.90,0.41,0.99,3.48,MISS,-0.03
706.01,1.10,0.76,0.84,1.15,MISS,-0.00
195.55,1.90,-4.04,0.00,6.91,MISS,-0.26
208.76,1.90,5.66,0.71,5.66,HIT,0.46
293.03,1.90,-0.81,0.58,0.58,BULLETHITBULLET,0.41
319.91,1.90,2.90,-0.00,7.46,MISS,-0.14
321.96,1.90,-1.47,0.98,7.86,MISS,-0.25
362.00,1.90,1.60,0.95,4.74,MISS,-0.03
392.36,1.90,0.01,-2.00,1.00,MISS,-0.94
395.70,1.90,-0.96,0.00,7.94,HIT,1.02
364.43,1.90,-1.54,0.00,7.85,MISS,0.49
358.46,1.90,0.50,0.00,7.98,MISS,-0.39
406.20,1.90,-2.05,0.97,7.73,BULLETHITBULLET,0.77
394.54,1.90,-0.35,-1.87,0.94,MISS,-0.77
420.55,1.90,2.24,-1.86,5.57,MISS,0.43
441.16,1.90,1.26,-1.96,5.87,MISS,0.42
456.48,1.90,-0.01,1.00,1.00,MISS,-0.54
466.13,1.90,1.10,0.97,4.36,MISS,0.87
484.98,1.90,2.15,0.00,7.71,MISS,0.62
466.37,1.90,-3.23,0.89,6.21,MISS,-0.12
403.22,1.90,-0.65,-1.89,1.89,MISS,-0.77
454.51,1.90,2.07,-0.00,7.73,MISS,0.76
475.03,1.90,0.58,-0.00,7.98,MISS,0.51
465.35,1.90,-2.71,0.94,7.53,MISS,-0.18
464.46,1.90,-0.86,-1.92,2.87,MISS,-0.58
477.15,1.90,2.28,0.00,7.67,MISS,0.75
525.35,1.90,2.24,0.00,7.68,MISS,0.74
565.36,1.90,1.56,0.97,5.79,MISS,0.94
631.45,1.90,1.88,0.00,7.78,MISS,0.33
637.56,1.90,1.01,0.98,4.90,BULLETHITBULLET,0.58
657.92,1.90,1.70,0.00,7.82,MISS,-0.19
637.52,1.90,-0.35,-0.00,7.99,MISS,0.69
587.38,1.90,0.14,0.99,0.99,BULLETHITBULLET,0.26
575.39,1.90,-2.23,0.96,7.68,MISS,0.34
584.01,1.90,-1.06,-0.00,7.93,MISS,-0.14
543.28,1.90,1.71,0.97,6.79,MISS,0.66
543.65,1.90,-1.24,0.95,3.80,MISS,-0.34
562.01,1.90,1.73,0.00,7.81,MISS,-0.13
582.46,1.90,0.00,1.00,8.00,MISS,-0.76
582.98,1.90,1.15,-0.00,7.92,MISS,0.44
623.63,1.90,1.83,-0.00,7.79,MISS,-0.21
658.55,1.90,1.32,0.98,6.87,MISS,-0.71
651.04,1.90,0.09,0.00,8.00,HIT,0.74
688.57,1.90,1.28,-1.95,5.86,MISS,0.39
754.21,1.90,1.20,0.00,7.91,BULLETHITBULLET,0.23
740.82,1.90,-0.63,0.99,4.96,MISS,-0.10
736.70,1.90,-0.49,0.87,0.87,MISS,-0.22
729.99,1.90,0.07,1.59,0.37,MISS,0.48
724.06,1.90,0.61,-1.98,3.95,MISS,0.61
713.25,1.90,0.17,0.99,1.49,HIT,0.87
728.08,1.90,-1.12,-0.00,7.92,HIT,0.75
668.14,1.90,-1.91,-0.00,7.77,MISS,0.34
612.11,1.90,-1.30,-0.00,7.89,MISS,-0.15
613.30,1.90,1.83,0.00,7.79,BULLETHITBULLET,0.83
631.16,1.90,-0.03,-2.00,2.00,MISS,-0.70
616.84,1.54,0.51,1.00,6.98,MISS,0.65
589.92,1.90,1.80,0.00,7.79,MISS,0.63
596.10,1.90,-0.51,-1.96,2.45,MISS,-0.72
611.70,1.90,1.74,0.00,7.81,HIT,0.40
354.19,1.90,2.96,0.00,7.43,MISS,-0.57
389.30,1.90,3.03,0.93,7.41,MISS,0.26
456.36,1.90,2.59,-0.00,7.57,MISS,-0.49
510.22,1.90,0.82,0.99,7.96,MISS,0.60
528.43,1.90,1.21,0.00,7.91,MISS,0.04
552.60,1.90,0.29,0.97,1.22,MISS,-0.06
592.76,1.90,0.08,-1.89,0.24,MISS,0.21
555.88,1.90,-0.96,0.99,7.94,MISS,-0.68
558.16,1.90,1.85,0.97,7.53,MISS,0.66
611.44,1.90,1.92,0.00,7.77,MISS,0.68
627.32,1.90,0.79,-1.96,3.92,HIT,0.55
629.87,1.90,0.84,0.97,3.65,MISS,0.91
685.63,1.90,1.74,0.00,7.81,MISS,0.94
699.82,1.90,0.12,0.00,8.00,MISS,0.66
707.24,1.90,0.46,0.00,7.99,HIT,0.19
718.23,1.90,1.11,0.00,7.92,MISS,-0.35
713.32,1.90,-0.16,1.00,3.00,MISS,0.70
755.48,1.90,-0.61,0.98,3.45,MISS,0.67
750.41,1.90,-1.34,-0.00,7.89,MISS,0.24
660.47,1.90,-0.09,1.48,0.49,BULLETHITBULLET,-0.11
730.82,1.90,-1.35,-0.00,7.89,MISS,-0.23
615.59,1.90,0.56,0.98,2.63,MISS,0.89
637.08,1.90,1.54,0.00,7.85,MISS,0.47
637.27,1.90,1.10,0.98,4.88,MISS,0.06
597.73,1.90,1.64,0.00,7.83,MISS,-0.12
556.78,1.90,0.51,0.99,3.97,MISS,0.02
534.35,1.90,-1.92,-1.89,5.68,MISS,-0.16
565.65,1.90,1.49,0.97,6.33,MISS,0.29
581.20,1.90,-1.66,0.97,6.80,MISS,-0.15
593.96,1.90,2.01,0.96,7.23,MISS,0.35
594.21,1.90,-1.14,-1.92,3.83,MISS,-0.80
616.67,1.90,0.70,0.97,2.92,MISS,0.97
642.86,1.90,0.27,-0.00,8.00,MISS,0.66
617.06,1.90,-1.20,-0.00,7.91,MISS,0.16
556.24,1.90,-0.88,-0.00,7.95,HIT,-0.33
523.89,1.90,1.62,0.00,7.83,BULLETHITBULLET,0.71
507.67,1.90,0.28,0.99,1.98,MISS,0.91
541.11,1.90,1.32,0.00,7.89,MISS,-0.05
543.28,1.90,1.65,0.00,7.83,MISS,-0.74
533.35,1.90,-0.72,-0.00,7.97,MISS,1.00
526.69,1.90,-0.66,-0.00,7.97,MISS,0.61
490.27,1.90,-0.64,-0.00,7.97,MISS,0.03
391.84,1.90,-2.02,0.91,4.57,MISS,-0.34
410.41,1.90,0.78,0.99,6.96,HIT,0.38
419.51,1.90,0.15,-1.98,0.99,MISS,-0.25
560.65,1.90,1.89,0.00,7.77,MISS,-0.69
588.18,1.90,2.02,0.97,7.74,MISS,0.40
668.53,1.90,0.81,-0.00,7.96,BULLETHITBULLET,0.46
626.47,1.90,1.62,-0.00,7.83,MISS,-0.16
670.27,1.90,1.65,0.00,7.83,MISS,-0.16
689.59,1.90,-0.07,0.00,8.00,MISS,-0.63
646.48,1.90,1.76,0.98,7.80,MISS,0.65
600.31,1.90,1.91,-0.00,7.77,HIT,0.28
588.68,1.90,-1.63,-0.00,7.83,MISS,-0.32
570.82,1.90,-0.00,-1.85,-0.00,MISS,0.72
583.26,1.90,2.04,0.97,7.74,HIT,0.57
628.98,1.90,1.89,0.00,7.77,MISS,0.59
662.16,1.90,0.67,-1.98,4.95,MISS,0.30
657.00,1.90,-0.00,1.77,0.23,MISS,-0.41
665.84,1.90,0.85,0.00,7.96,MISS,0.17
672.90,1.90,0.14,1.00,1.49,MISS,0.07
685.28,1.90,0.43,1.00,4.32,MISS,-0.20
680.61,1.90,0.01,1.16,0.84,MISS,-0.51
698.34,1.90,0.35,1.00,5.46,BULLETHITBULLET,0.65
680.23,1.90,0.03,1.00,2.21,MISS,-0.40
709.70,1.90,0.81,-0.00,7.96,MISS,-0.37
734.68,1.90,-1.44,0.98,6.34,BULLETHITBULLET,0.26
724.85,1.90,0.48,-1.97,2.96,MISS,-0.51
685.14,1.90,-1.80,0.00,7.79,MISS,-0.29
613.93,1.90,0.18,0.98,0.98,MISS,0.42
645.13,1.90,0.57,1.00,5.97,MISS,0.08
668.19,1.90,0.74,-0.00,7.97,MISS,-0.32
667.25,1.90,-0.04,1.00,2.50,MISS,0.30
675.66,1.90,1.35,0.00,7.89,HIT,-0.10
692.89,1.90,0.69,-1.97,3.94,MISS,-0.24
688.51,1.90,-0.08,1.00,6.75,MISS,-0.08
707.64,1.90,0.05,-1.99,0.50,BULLETHITBULLET,0.25
705.93,1.90,-0.11,1.00,6.00,MISS,-0.18
725.84,1.90,1.30,0.00,7.89,BULLETHITBULLET,0.27
740.10,1.90,0.43,-1.95,1.95,MISS,0.11
732.78,1.90,-0.54,1.00,6.98,MISS,-0.42
735.58,1.90,-0.04,1.00,3.00,MISS,0.63
746.25,1.90,0.87,0.99,7.95,MISS,0.27
793.08,1.90,0.71,0.99,6.96,MISS,-0.24
818.82,1.90,-0.16,1.00,1.98,MISS,-0.46
765.15,1.90,0.31,0.99,2.98,MISS,0.70
753.39,1.90,-1.48,-0.00,7.86,HIT,0.65
714.45,1.90,-1.07,-1.97,5.90,MISS,0.48
719.41,1.90,-0.26,1.00,2.74,MISS,0.14
741.81,1.90,1.23,-0.00,7.91,MISS,-0.34
763.36,1.90,0.09,1.48,0.49,BULLETHITBULLET,-0.36
769.20,1.90,-1.48,0.97,6.26,MISS,0.07
750.27,1.90,-0.26,1.00,5.99,HIT,-0.10
767.12,1.90,-0.00,-1.97,-0.00,MISS,-0.52
762.95,1.90,-1.15,-0.00,7.92,MISS,0.21
755.12,1.90,0.13,1.00,1.49,MISS,0.09
754.68,1.90,0.11,1.00,5.75,MISS,-0.08
772.81,1.90,0.00,-1.97,-0.00,BULLETHITBULLET,-0.60
768.66,1.90,0.37,-1.97,1.97,MISS,-0.43
758.26,1.90,-0.00,-2.00,3.00,MISS,-0.32
759.17,1.90,0.08,1.00,2.56,MISS,-0.30
763.98,1.90,-0.18,0.99,1.49,HIT,0.31
758.53,1.90,0.03,-0.00,8.00,MISS,-0.25
766.80,1.90,1.17,0.99,7.91,MISS,-0.74
765.85,1.90,-0.56,0.50,3.96,MISS,0.90
758.33,1.25,-0.02,0.00,8.00,MISS,0.84
765.18,1.28,1.07,0.00,7.93,MISS,0.41
782.02,1.33,1.18,0.99,6.90,MISS,0.13
770.63,1.45,-3.49,0.00,7.20,MISS,-0.09
749.04,0.56,0.25,0.99,1.48,MISS,0.22
418.44,1.90,-0.15,0.00,8.00,MISS,-0.57
441.74,1.90,2.68,0.94,7.54,MISS,0.18
499.67,1.90,2.10,-0.00,7.72,MISS,-0.56
504.51,1.90,-0.34,1.00,7.99,MISS,0.97
496.92,1.90,-0.28,0.00,8.00,MISS,1.05
518.16,1.90,1.46,0.00,7.86,HIT,0.44
522.07,1.90,1.26,0.00,7.90,MISS,-0.16
523.51,1.90,0.59,-1.98,3.96,MISS,-0.90
496.92,1.90,1.43,-0.00,7.87,MISS,1.06
516.31,1.90,1.81,-0.00,7.79,MISS,1.05
520.53,1.90,1.88,-0.00,7.78,MISS,1.01
533.54,1.90,2.02,-0.00,7.74,MISS,0.73
612.23,1.90,1.94,-0.00,7.76,HIT,0.20
673.20,1.90,1.55,-0.00,7.85,MISS,-0.14
679.31,1.90,0.07,1.18,0.81,MISS,0.09
666.38,1.90,-0.12,-1.99,1.59,MISS,-0.39
625.08,1.90,-0.53,-1.99,5.98,MISS,-0.73
613.24,1.90,-0.81,-0.00,7.96,MISS,0.50
587.46,1.90,-2.33,-0.00,7.65,MISS,-0.12
559.69,1.90,-2.01,-0.00,7.74,MISS,-0.74
493.13,1.90,2.25,0.00,7.68,MISS,0.98
486.19,1.90,1.20,-1.91,3.82,MISS,0.72
504.25,1.90,1.85,0.00,7.78,MISS,0.51
468.88,1.90,-3.45,0.00,7.22,MISS,-0.09
451.11,1.90,-0.29,1.22,0.41,MISS,-0.57
455.34,1.90,1.32,0.96,4.56,MISS,1.02
504.46,1.90,2.35,-0.00,7.65,MISS,0.73
554.23,1.90,1.82,-0.00,7.79,MISS,0.66
568.23,1.90,1.24,-0.00,7.90,MISS,0.65
528.59,1.90,-0.04,1.50,0.50,MISS,0.76
461.40,1.90,-1.18,-0.00,7.91,MISS,0.57
457.58,1.90,-2.45,-0.03,7.58,MISS,-0.13
497.72,1.90,-0.35,0.96,1.13,MISS,-0.48
509.16,1.90,0.59,0.09,7.98,MISS,0.66
536.28,1.90,2.01,0.00,7.74,BULLETHITBULLET,0.62
539.20,1.90,0.81,0.99,5.57,MISS,0.93
545.22,1.90,0.68,0.99,5.96,MISS,0.57
562.58,1.90,1.89,0.00,7.77,MISS,-0.05
631.44,1.90,-0.61,0.00,7.98,MISS,-0.32
639.61,1.90,-1.96,0.48,7.76,MISS,0.25
527.65,1.90,-4.75,0.80,6.44,MISS,-0.10
483.50,1.90,0.98,-1.74,1.74,MISS,0.02
496.99,1.90,-2.65,0.88,4.82,MISS,-0.34
519.73,1.90,-0.53,0.96,1.80,MISS,-0.27
535.42,1.90,1.19,0.98,5.39,MISS,0.31
554.95,1.90,-1.26,0.00,7.90,MISS,-0.02
610.31,1.90,1.74,-0.00,7.81,MISS,-0.39
628.85,1.90,0.83,0.99,7.96,MISS,0.13
683.46,1.90,1.38,0.00,7.88,MISS,-0.44
730.19,1.90,-1.02,0.95,3.09,MISS,0.65
715.42,1.90,-2.58,-0.00,7.57,MISS,0.25
713.14,1.90,-1.02,-0.00,7.94,MISS,-0.22
727.17,1.90,0.81,-0.00,7.96,MISS,-0.46
753.30,1.90,-1.37,0.00,7.88,MISS,0.16
744.37,1.90,-0.41,1.00,6.99,MISS,-0.29
749.27,1.90,0.43,-1.99,3.98,HIT,-0.76
738.62,1.90,0.13,1.00,4.50,MISS,0.87
747.65,1.90,0.84,-0.00,7.96,MISS,0.49
753.99,1.90,0.86,-0.00,7.95,MISS,0.05
776.97,1.90,0.97,0.99,6.93,MISS,-0.44
812.66,1.90,-0.07,1.49,0.50,MISS,0.83
799.20,1.90,-2.64,0.00,7.55,MISS,0.69
741.42,1.90,-2.69,0.00,7.53,MISS,0.57
639.83,1.90,-0.02,1.86,0.12,BULLETHITBULLET,-0.43
720.85,1.90,-1.18,0.00,7.91,MISS,0.23
568.13,1.90,0.31,0.99,1.98,BULLETHITBULLET,0.72
666.96,1.90,-0.72,-1.99,5.96,MISS,0.05
570.40,1.90,-0.38,0.99,2.47,MISS,-0.73
593.82,1.90,-0.13,1.00,6.75,MISS,0.98
604.06,1.90,-0.18,-0.00,8.00,MISS,0.57
594.54,1.90,-0.02,-0.00,8.00,MISS,0.01
626.19,1.90,-1.40,-0.00,7.88,MISS,-0.64
622.23,1.90,-0.00,0.00,8.00,BULLETHITBULLET,0.35
600.54,1.90,0.46,1.00,6.98,MISS,1.00
628.25,1.90,-0.11,1.00,7.00,MISS,0.76
654.71,1.90,1.68,0.00,7.82,MISS,-0.34
661.28,1.90,-0.23,0.97,0.97,MISS,0.50
681.49,1.90,-2.02,-0.00,7.74,MISS,0.05
686.79,1.90,0.15,-0.00,8.00,MISS,-0.49
740.98,1.90,-0.68,0.97,2.92,HIT,0.67
713.41,1.90,-2.00,0.00,7.75,HIT,0.29
671.16,1.90,-1.15,0.00,7.92,MISS,-0.35
674.42,1.90,-3.17,0.85,5.09,MISS,-0.86
712.61,1.90,0.20,-0.00,8.00,MISS,1.00
739.88,1.90,-0.38,-0.00,7.99,MISS,0.86
736.49,1.90,0.06,-0.00,8.00,MISS,0.50
739.32,1.90,0.82,0.99,6.95,MISS,0.01
766.88,1.90,-2.12,-0.00,7.71,MISS,-0.50
753.22,1.90,0.16,1.43,0.48,MISS,0.86
755.75,1.90,-0.17,0.50,8.00,MISS,0.97
754.65,1.90,-1.70,0.00,7.82,MISS,0.87
734.10,1.78,-0.72,0.00,7.97,MISS,0.61
273.14,1.90,4.48,-0.00,6.63,MISS,-0.19
296.89,1.90,1.22,0.99,7.91,MISS,-0.48
320.30,1.90,3.59,0.89,7.15,MISS,0.36
381.45,1.90,0.08,-1.99,1.00,MISS,-0.11
393.91,1.90,0.06,1.61,0.37,MISS,-0.46
432.92,1.90,0.87,0.97,3.20,MISS,0.93
451.54,1.90,-0.49,-0.00,7.99,MISS,0.65
468.14,1.90,0.29,-0.00,7.99,MISS,-0.28
526.87,1.90,-0.15,0.99,0.99,MISS,0.80
551.68,1.90,-1.71,0.00,7.81,MISS,0.20
529.88,1.90,-0.86,0.00,7.95,MISS,-0.47
545.05,1.90,-0.39,0.99,3.48,MISS,0.95
548.57,1.90,0.57,1.00,5.97,MISS,1.01
585.73,1.90,2.71,0.94,7.53,MISS,1.04
603.82,1.90,1.68,0.98,7.82,MISS,0.88
574.56,1.90,1.64,-0.00,7.83,MISS,0.54
549.54,1.90,1.72,-0.00,7.81,MISS,0.24
485.05,1.90,-3.26,-0.00,7.31,MISS,-0.11
482.13,1.90,2.04,0.97,7.74,MISS,0.23
519.84,1.90,-0.10,1.09,0.90,MISS,-0.28
534.96,1.90,0.45,0.98,2.11,MISS,0.34
557.93,1.90,1.68,0.00,7.82,MISS,-0.06
563.82,1.90,-0.05,1.74,0.12,MISS,-0.41
557.04,1.90,0.05,1.70,0.10,MISS,0.37
571.58,1.90,1.79,-0.00,7.80,MISS,-0.23
568.60,0.90,1.80,0.00,7.79,BULLETHITBULLET,0.35
563.08,1.90,1.45,-0.00,7.87,HIT,-0.49
526.76,1.90,0.47,-0.00,7.99,HIT,-0.65
487.52,1.90,1.98,0.97,7.75,MISS,1.06
471.56,1.90,2.16,0.00,7.70,MISS,1.05
493.58,1.90,2.11,0.00,7.72,MISS,1.05
504.98,1.90,1.84,0.00,7.78,MISS,0.99
500.94,1.90,2.02,0.00,7.74,MISS,0.75
557.56,1.90,0.08,0.00,8.00,BULLETHITBULLET,0.12
606.75,1.90,-0.45,0.00,7.99,MISS,-0.58
665.46,1.90,1.44,-0.00,7.87,MISS,0.51
699.75,1.90,1.45,-0.00,7.87,HIT,0.17
727.48,1.90,-0.28,0.98,1.47,MISS,-0.03
710.24,1.90,0.50,0.99,4.22,MISS,-0.05
698.35,1.90,0.72,0.98,3.74,MISS,0.05
710.67,1.90,-0.53,0.96,1.82,MISS,-0.12
689.57,1.90,0.76,0.99,4.44,BULLETHITBULLET,0.79
702.96,1.90,-2.48,0.91,5.32,MISS,-0.38
708.39,1.90,1.31,0.98,6.75,MISS,0.40
727.58,1.90,0.69,0.00,7.97,BULLETHITBULLET,0.51
711.49,1.90,0.95,0.98,4.91,MISS,0.16
696.14,1.90,1.35,-0.00,7.89,BULLETHITBULLET,0.41
717.36,1.90,0.14,0.99,0.99,MISS,0.66
677.89,1.90,1.24,0.98,5.87,MISS,0.44
675.31,1.90,0.00,1.97,0.00,MISS,0.49
693.97,1.90,0.00,-1.98,-0.00,MISS,0.14
695.17,1.90,-1.19,0.80,1.61,MISS,0.10
607.49,1.90,0.49,0.95,1.42,BULLETHITBULLET,0.13
586.41,1.90,-3.78,0.46,1.94,MISS,-0.25
612.96,1.90,-0.42,1.01,0.69,MISS,-0.56
614.67,1.90,0.01,1.87,0.02,MISS,0.89
643.30,1.90,1.53,0.00,7.85,MISS,0.94
672.93,1.90,1.13,0.00,7.92,MISS,0.89
714.57,1.90,1.67,0.00,7.82,MISS,0.52
739.76,1.90,1.30,0.00,7.89,MISS,0.10
711.44,1.90,-3.63,0.00,7.13,MISS,-0.41
655.08,1.90,-0.12,1.52,0.22,MISS,-0.78
631.51,1.90,0.74,0.98,3.77,MISS,0.99
654.34,1.90,1.60,-0.00,7.84,MISS,0.95
672.21,1.90,1.56,-0.00,7.85,MISS,0.81
663.84,1.12,1.70,-0.00,7.82,MISS,0.66
587.93,1.90,-3.45,0.00,7.22,HIT,-0.46
571.50,1.90,2.07,0.97,7.73,MISS,0.74
584.41,1.90,0.19,0.98,0.98,MISS,-0.72
596.84,1.90,0.75,-1.98,5.95,MISS,0.48
606.26,1.90,0.72,-1.99,5.96,MISS,0.05
593.19,1.90,1.74,-0.00,7.81,MISS,-0.27
620.04,1.90,0.95,0.98,4.91,MISS,0.23
656.87,1.90,1.23,0.98,6.13,MISS,0.18
689.69,1.90,1.71,0.00,7.81,MISS,-0.32
641.58,1.90,0.56,-1.98,3.71,BULLETHITBULLET,0.00
698.32,1.90,-0.56,-1.99,5.47,MISS,0.51
648.64,1.90,-0.65,1.00,7.50,MISS,0.11
660.00,1.90,0.23,-0.00,8.00,MISS,-0.50
623.76,1.90,0.09,1.00,1.50,MISS,1.00
617.71,1.90,1.31,0.00,7.89,MISS,0.90
630.44,1.90,1.13,0.00,7.92,MISS,0.51
621.92,1.90,1.05,0.00,7.93,MISS,0.04
659.35,1.90,-1.02,0.00,7.94,MISS,-0.56
708.39,1.90,-0.80,0.99,4.94,MISS,0.47
694.06,1.90,-3.02,-0.00,7.41,MISS,-0.01
638.37,1.90,-2.84,-0.00,7.48,MISS,-0.15
670.31,1.90,1.10,0.98,5.90,HIT,0.39
712.09,1.90,1.32,0.99,7.89,MISS,0.04
741.96,1.90,-0.31,0.99,2.98,BULLETHITBULLET,0.98
723.70,1.90,-0.42,0.99,3.98,MISS,0.33
737.08,1.90,1.01,0.99,5.91,MISS,-0.36
746.84,1.90,-1.63,-0.00,7.83,MISS,-0.25
721.91,1.90,-1.23,-0.00,7.91,MISS,-0.51
688.00,1.90,1.57,0.00,7.85,BULLETHITBULLET,0.42
718.29,1.90,1.18,0.98,5.88,MISS,0.26
703.24,1.90,0.06,1.00,6.00,MISS,-0.69
698.35,1.90,0.59,1.00,7.98,MISS,0.95
703.00,1.90,0.13,-0.00,8.00,MISS,0.58
719.23,1.90,1.07,-0.00,7.93,MISS,0.05
774.69,1.90,1.53,-0.00,7.85,MISS,-0.33
779.23,1.90,-1.59,0.98,7.33,BULLETHITBULLET,0.05
780.96,1.90,-0.39,0.99,2.47,MISS,0.27
752.29,1.90,-0.69,0.00,7.97,MISS,-0.48
751.04,1.90,0.02,1.00,2.50,HIT,0.49
759.86,1.90,0.57,-1.99,4.97,MISS,0.00
766.61,1.90,1.22,-0.00,7.91,MISS,-0.33
732.39,1.90,-1.88,-1.85,4.63,MISS,-0.31
688.64,1.90,1.64,0.00,7.83,MISS,-0.01
653.19,1.90,1.57,0.00,7.84,MISS,-0.29
654.48,1.90,0.04,1.00,3.00,MISS,0.17
658.59,1.90,1.22,-0.00,7.91,MISS,-0.26
662.67,1.90,-0.18,0.98,0.98,MISS,-0.60
667.87,1.90,0.50,0.00,7.98,MISS,0.32
681.21,1.90,1.22,0.00,7.91,MISS,-0.02
699.67,1.90,1.47,0.98,6.84,MISS,-0.32
686.32,0.55,-0.92,0.95,2.86,MISS,0.53
482.60,1.90,2.19,0.00,7.69,BULLETHITBULLET,0.13
524.75,1.90,2.26,0.96,7.67,MISS,-0.31
556.94,1.90,1.89,0.97,7.77,MISS,0.39
579.18,1.90,1.35,0.00,7.89,MISS,-0.09
613.51,1.90,-0.29,-2.00,4.99,MISS,0.32
651.57,1.90,-0.04,1.72,0.25,MISS,0.47
656.19,1.90,-0.77,0.97,2.90,MISS,0.19
664.17,1.90,-0.80,-0.00,7.96,MISS,-0.22
648.92,1.90,0.00,1.95,0.00,MISS,0.40
595.59,1.90,1.84,-1.90,5.45,MISS,0.11
613.62,1.90,1.53,0.31,7.85,MISS,-0.31
628.77,1.90,0.35,0.98,1.97,MISS,-0.58
626.86,1.90,0.31,-0.00,7.99,MISS,0.20
641.94,1.90,-0.11,-0.00,8.00,MISS,-0.24
642.57,1.90,1.54,0.00,7.85,BULLETHITBULLET,0.67
628.26,1.90,0.45,0.99,2.97,MISS,0.17
669.18,1.90,0.66,0.99,5.71,MISS,0.31
680.69,1.90,-0.61,1.00,6.60,MISS,-0.50
683.71,1.90,0.20,1.00,4.00,MISS,0.74
705.33,1.90,0.55,0.00,7.98,MISS,0.36
712.06,1.90,-0.68,0.00,7.97,HIT,-0.17
662.99,1.90,0.61,0.98,3.45,BULLETHITBULLET,0.85
652.64,1.90,-4.83,0.59,3.56,MISS,-0.37
710.05,1.90,1.41,-0.00,7.88,MISS,-0.22
723.41,1.90,-0.05,1.00,1.00,MISS,-0.47
707.94,1.90,1.22,0.98,5.87,HIT,0.39
703.35,1.90,-1.60,0.00,7.84,MISS,-0.24
651.47,1.90,-5.53,0.00,5.78,MISS,-0.74
619.89,1.90,1.53,0.97,6.57,MISS,1.02
650.37,1.90,1.47,-0.00,7.86,MISS,0.97
666.49,1.90,1.57,-0.00,7.84,MISS,0.67
694.16,1.90,1.26,-0.00,7.90,MISS,0.09
751.96,1.90,1.20,-0.00,7.91,MISS,-0.46
775.65,1.90,-0.00,1.50,0.50,MISS,0.87
747.73,1.90,-0.26,0.00,8.00,MISS,0.90
740.32,1.90,0.89,0.00,7.95,MISS,0.52
767.78,1.90,1.55,0.00,7.85,MISS,0.04
782.18,1.90,1.23,0.00,7.90,MISS,-0.33
781.84,1.90,-0.07,1.00,2.00,MISS,0.33
628.51,1.90,-2.79,0.92,6.42,BULLETHITBULLET,-0.28
726.87,1.90,-1.18,0.96,3.82,MISS,0.11
648.10,1.90,-0.16,1.33,0.60,MISS,0.10
692.70,1.90,1.24,0.98,6.89,MISS,-0.48
706.64,1.56,-0.39,0.99,3.73,MISS,0.52
356.06,1.90,2.94,0.00,7.44,MISS,-0.48
391.05,1.90,3.01,0.93,7.41,MISS,0.17
457.87,1.90,0.16,-1.99,1.99,MISS,-0.11
474.35,1.90,0.96,-1.94,3.88,BULLETHITBULLET,0.35
495.40,1.90,1.35,0.96,4.82,MISS,-0.24
520.40,1.90,0.24,-2.00,6.00,MISS,-0.71
549.15,1.90,2.12,0.00,7.71,MISS,0.25
615.13,1.90,1.68,0.97,6.80,MISS,-0.45
635.73,1.90,0.09,1.48,0.49,MISS,0.80
620.14,1.90,1.78,-0.00,7.80,MISS,0.64
659.39,1.90,1.03,-0.00,7.93,HIT,0.11
677.67,1.90,-3.54,0.09,6.96,MISS,-0.12
696.16,1.90,-1.51,-1.49,1.67,MISS,-0.19
745.41,1.90,-0.11,0.00,8.00,HIT,-0.01
752.25,1.90,-2.07,0.96,6.69,MISS,-0.15
753.66,1.90,0.02,1.53,0.47,MISS,0.39
725.37,1.90,-1.16,-1.87,3.05,MISS,-0.36
697.58,1.90,0.94,0.98,4.49,MISS,0.12
719.18,1.90,1.05,0.99,7.93,MISS,-0.34
726.47,1.90,-0.35,-1.97,1.97,MISS,-0.69
734.32,1.90,1.30,0.98,6.88,MISS,0.61
742.49,1.90,0.10,-0.00,8.00,MISS,0.16
667.67,1.90,-6.68,-0.00,4.40,MISS,-0.39
575.07,1.90,-1.58,-1.23,1.23,MISS,-0.77
606.69,1.90,1.54,0.98,7.60,MISS,0.48
631.19,1.90,1.86,0.00,7.78,MISS,-0.10
653.55,1.90,1.34,0.97,5.85,MISS,-0.45
657.33,1.90,1.33,0.98,5.85,MISS,0.30
683.33,1.90,1.72,-0.00,7.81,MISS,-0.27
725.72,1.90,-0.30,-1.98,1.98,MISS,-0.76
765.53,1.90,0.96,0.99,6.18,MISS,0.92
719.00,1.90,-1.87,0.00,7.78,MISS,0.83
644.58,1.90,-1.80,0.95,5.72,MISS,0.51
670.80,1.90,-0.55,1.00,6.98,MISS,0.00
706.94,1.90,-2.31,0.00,7.66,MISS,-0.46
748.95,1.90,-1.00,0.25,7.94,BULLETHITBULLET,0.14
745.01,1.90,-0.77,1.00,7.96,MISS,0.20
762.03,1.90,-0.67,0.97,2.92,MISS,-0.25
746.20,1.90,0.14,1.00,4.50,MISS,0.17
750.64,1.90,-0.02,1.00,3.00,BULLETHITBULLET,-0.09
735.03,1.90,-3.32,0.00,7.28,BULLETHITBULLET,-0.43
733.04,1.90,0.47,0.50,7.99,MISS,0.98
745.43,1.90,-0.10,1.00,8.00,MISS,0.88
755.60,1.90,1.23,-0.00,7.90,MISS,0.51
787.23,1.90,1.30,-0.00,7.89,MISS,0.02
753.56,1.90,-2.03,0.96,6.70,MISS,-0.16
672.06,1.90,0.00,1.91,0.00,HIT,0.31
667.55,1.90,1.62,0.00,7.84,HIT,0.09
657.94,1.60,0.18,0.98,0.98,MISS,0.10
387.64,1.90,2.71,-0.00,7.53,MISS,-0.58
391.99,1.90,3.01,0.93,7.41,MISS,0.31
466.70,1.90,2.02,0.00,7.74,MISS,-0.64
524.45,1.90,1.70,0.97,7.30,HIT,0.84
552.89,1.90,2.12,-0.00,7.71,MISS,0.66
581.75,1.90,2.04,-0.00,7.73,MISS,0.06
597.59,1.90,0.80,0.98,3.92,MISS,-0.32
594.42,1.90,0.71,0.97,2.91,HIT,0.27
619.87,1.90,0.47,-1.99,3.97,MISS,-0.35
607.69,1.90,1.84,0.00,7.79,MISS,-0.71
615.77,1.90,1.93,-0.00,7.76,MISS,0.35
705.24,1.90,-0.14,-2.00,6.00,BULLETHITBULLET,0.42
651.27,1.90,1.83,-0.00,7.79,MISS,-0.26
753.12,1.90,1.36,0.00,7.88,MISS,0.86
717.75,1.90,-1.19,0.00,7.91,MISS,0.81
608.93,1.90,-1.38,0.96,4.81,MISS,0.66
526.16,1.90,-1.72,0.00,7.81,MISS,0.22
510.06,1.90,-4.31,0.00,6.74,MISS,-0.31
429.27,1.90,1.03,0.96,3.35,BULLETHITBULLET,0.53
421.55,1.90,1.96,-1.84,4.60,MISS,-0.05
438.01,1.90,-0.04,-2.00,1.00,MISS,-0.10
458.42,1.90,-0.00,1.95,0.00,MISS,0.23
471.73,1.90,-0.06,1.00,2.75,MISS,-0.24
473.85,1.90,0.43,-1.95,1.95,MISS,-0.47
473.98,1.90,-0.89,0.00,7.95,MISS,-0.16
507.78,1.90,-0.73,0.95,2.13,MISS,-0.31
522.67,1.90,-2.01,-0.00,7.74,MISS,0.27
522.18,1.90,1.10,0.96,3.84,MISS,-0.34
522.45,1.90,-0.00,1.85,0.00,MISS,0.64
510.65,1.90,-1.89,0.93,4.63,MISS,0.81
508.38,1.90,-1.02,-0.00,7.93,MISS,0.38
526.18,1.90,1.05,-0.00,7.93,MISS,-0.10
577.81,1.90,-0.31,0.95,0.95,MISS,0.47
591.70,1.90,-2.31,0.92,5.54,MISS,0.62
607.32,0.95,-0.79,0.97,3.41,MISS,0.51
442.78,1.90,2.38,-0.00,7.64,BULLETHITBULLET,0.58
445.18,1.90,2.66,0.94,7.55,MISS,-0.54
472.59,1.90,-0.60,0.99,5.97,MISS,1.00
510.98,1.90,1.19,-0.00,7.91,MISS,0.52
536.94,1.90,1.74,-0.00,7.81,MISS,0.10
516.82,1.90,0.05,1.00,4.00,MISS,-0.04
485.52,1.90,0.32,1.02,0.86,MISS,-0.12
502.16,1.90,-0.86,0.89,1.68,MISS,-0.12
504.20,1.90,-2.46,0.85,4.03,MISS,-0.65
524.12,1.90,-1.18,0.99,7.04,MISS,0.92
487.61,1.90,-3.51,0.00,7.19,MISS,0.43
384.66,1.90,-4.12,0.00,6.86,MISS,0.12
292.18,1.90,2.30,0.89,4.44,MISS,0.05
277.47,1.90,-0.58,-1.63,0.81,MISS,-0.49
302.25,1.90,1.83,0.93,4.52,HIT,0.95
342.18,1.90,3.01,-0.00,7.41,MISS,1.03
399.27,1.90,2.93,-0.00,7.44,MISS,0.29
462.93,1.90,2.56,-0.00,7.58,MISS,0.07
492.63,1.90,0.86,0.00,7.95,MISS,0.15
512.89,1.90,1.71,0.97,7.30,MISS,-0.11
525.69,1.90,0.98,0.98,4.52,MISS,-0.10
544.09,1.90,-0.05,1.49,0.50,HIT,0.41
536.11,1.90,0.41,0.99,2.85,MISS,0.20
549.93,1.90,0.52,-1.97,2.95,MISS,0.20
543.62,1.90,-0.02,1.00,3.78,MISS,-0.54
552.85,1.90,-0.05,1.59,0.40,MISS,0.95
559.25,1.90,-1.39,-0.00,7.88,MISS,1.00
548.90,1.90,-0.09,-0.00,8.00,MISS,0.56
574.17,1.90,1.62,-1.93,5.78,MISS,-0.10
600.66,1.90,1.72,-1.92,5.75,MISS,-0.72
558.65,0.46,-0.93,0.00,7.95,HIT,0.96
566.27,1.38,1.74,0.00,7.81,MISS,0.00
296.53,1.90,-3.08,0.00,7.38,HIT,0.05
295.26,1.90,0.93,0.88,1.77,MISS,-0.66
264.40,1.90,-3.52,0.00,7.18,MISS,0.32
256.14,1.90,0.19,-1.96,0.98,MISS,-0.31
295.06,1.90,1.11,-1.92,3.84,MISS,-0.69
303.53,1.90,-3.51,-0.00,7.19,MISS,0.44
303.48,1.90,0.16,0.99,1.49,MISS,-0.44
302.02,1.90,-1.85,-0.00,7.78,MISS,-0.13
299.94,1.90,2.36,0.88,4.41,MISS,0.13
342.82,1.90,-3.55,0.61,2.76,MISS,-0.66
355.84,1.90,2.63,0.24,7.55,MISS,0.32
419.16,1.90,2.81,0.00,7.49,HIT,0.13
458.42,1.90,-1.20,0.49,7.91,MISS,-0.63
476.16,1.90,2.15,0.96,7.18,MISS,0.87
580.14,1.90,1.76,0.00,7.80,BULLETHITBULLET,-0.09
539.48,1.90,1.91,0.96,6.73,MISS,0.27
578.20,1.90,0.06,1.49,0.50,MISS,-0.25
592.22,1.90,1.21,-1.96,5.88,MISS,-0.62
626.85,1.90,1.51,0.98,7.86,MISS,0.49
657.19,1.90,1.72,0.00,7.81,MISS,0.08
661.69,1.90,-1.43,-0.08,7.63,MISS,-0.18
598.96,1.90,0.92,0.98,4.18,MISS,0.11
618.72,1.90,-0.09,-1.99,1.00,MISS,0.01
629.84,1.90,0.50,0.98,2.48,MISS,-0.18
616.57,1.90,1.02,0.98,4.78,MISS,-0.03
643.34,1.90,1.00,0.98,5.47,MISS,-0.03
675.14,1.90,1.39,-0.00,7.88,MISS,-0.19
691.42,0.46,1.50,0.98,6.84,MISS,0.08
450.21,1.90,2.35,0.00,7.65,MISS,-0.61
506.72,1.90,2.34,0.96,7.65,MISS,0.88
544.87,1.90,1.43,-0.00,7.87,MISS,0.48
459.87,1.90,-3.84,-0.00,7.02,HIT,0.09
393.12,1.90,0.46,-1.77,0.89,MISS,-0.17
377.49,1.90,-1.16,0.79,1.47,MISS,-0.13
368.14,1.90,-1.15,-1.91,3.82,MISS,-0.27
394.88,1.90,2.76,0.00,7.51,MISS,0.28
391.32,1.90,-1.15,-1.92,3.83,MISS,-0.69
424.49,1.90,2.22,0.00,7.69,MISS,1.05
453.25,1.90,2.05,0.00,7.73,MISS,1.04
476.18,1.90,2.25,0.00,7.68,MISS,0.97
538.90,1.90,2.16,0.00,7.70,MISS,0.84
531.89,1.90,-0.34,0.00,7.99,MISS,0.50
450.82,1.90,-0.96,0.98,4.91,MISS,-0.04
471.00,1.90,0.05,1.00,5.00,MISS,-0.81
483.32,1.90,1.38,-0.00,7.88,MISS,1.01
509.51,1.90,1.11,-0.00,7.92,MISS,0.68
530.67,1.90,1.82,-0.00,7.79,MISS,0.41
549.71,1.90,0.78,-1.98,5.95,MISS,0.07
559.62,1.90,-0.09,-1.99,0.87,HIT,-0.23
561.66,1.90,0.49,0.99,3.69,MISS,-0.15
549.21,1.90,-4.40,0.70,4.29,MISS,-0.15
504.25,1.90,0.48,0.88,0.88,MISS,0.50
513.84,1.90,0.99,0.96,3.54,MISS,0.79
542.30,1.90,-0.00,-1.98,-0.00,MISS,0.93
556.99,1.90,1.30,0.98,5.86,MISS,0.95
577.78,1.90,1.62,0.98,7.83,MISS,0.48
590.94,1.90,1.70,0.00,7.82,MISS,-0.01
623.51,1.90,-1.66,0.00,7.83,MISS,-0.44
652.60,1.90,1.54,0.98,7.34,MISS,0.16
655.92,1.90,1.78,0.00,7.80,BULLETHITBULLET,0.27
669.08,1.90,-0.63,-1.98,3.95,MISS,-0.28
664.92,1.90,-0.69,-1.97,3.69,MISS,-0.27
585.21,1.90,-0.12,1.00,6.00,BULLETHITBULLET,-0.00
614.28,1.90,-1.41,0.00,7.87,MISS,-0.53
528.29,1.90,-3.71,-0.00,7.09,BULLETHITBULLET,0.10
513.69,1.90,-2.81,0.92,6.41,BULLETHITBULLET,-0.04
518.44,1.90,-1.08,0.95,3.33,MISS,-0.76
509.40,1.90,1.95,0.00,7.76,MISS,0.94
525.48,1.90,2.21,0.00,7.69,MISS,0.77
521.64,1.90,0.54,1.00,6.98,MISS,0.57
511.20,1.90,-1.25,0.99,7.90,MISS,0.44
482.70,1.90,-1.93,0.94,5.15,MISS,0.44
475.98,1.90,-1.28,0.84,1.96,HIT,0.05
426.88,1.90,-3.36,-1.66,4.97,MISS,-0.71
411.68,1.90,2.73,-0.00,7.52,HIT,0.93
444.49,1.90,2.51,-0.00,7.59,MISS,0.34
481.27,1.90,2.07,-0.00,7.73,MISS,0.05
499.20,1.90,1.45,0.96,4.78,MISS,-0.37
534.12,1.90,0.00,-2.00,-0.00,MISS,-0.82
538.71,1.90,1.74,-0.00,7.81,MISS,0.58
529.21,1.16,1.39,0.97,5.84,BULLETHITBULLET,-0.29
494.34,1.90,2.05,-0.00,7.73,MISS,0.17
503.28,1.90,1.07,0.99,6.92,MISS,-0.54
204.24,1.90,-0.86,0.14,7.10,HIT,0.21
204.03,1.90,0.17,1.37,0.54,MISS,0.99
203.22,1.90,-0.67,-0.00,7.97,HIT,0.99
180.25,1.90,-0.33,-0.00,7.99,HIT,1.08
198.73,1.90,3.52,-0.00,7.18,BULLETHITBULLET,0.91
224.11,1.90,1.06,0.94,2.81,MISS,1.02
276.63,1.90,4.04,-0.00,6.90,MISS,0.62
361.05,1.90,-0.00,1.34,0.00,MISS,-0.31
410.17,1.90,2.88,-0.00,7.46,MISS,-0.16
417.34,1.90,-1.27,0.77,1.54,HIT,-0.06
384.60,1.90,-1.56,-1.71,2.56,MISS,-0.88
434.95,1.90,2.25,-0.00,7.68,MISS,1.05
482.81,1.90,2.20,-0.00,7.69,MISS,1.05
542.90,1.90,1.94,-0.00,7.76,MISS,0.87
562.24,1.90,1.66,-0.00,7.83,MISS,0.64
530.94,1.90,-3.93,-0.00,6.97,MISS,0.31
437.04,1.90,-3.26,-1.16,2.31,MISS,-0.28
422.69,1.90,0.40,0.96,1.44,MISS,0.79
448.77,1.90,2.37,0.00,7.64,MISS,1.05
505.64,1.90,2.26,0.00,7.67,MISS,0.91
536.95,1.90,2.02,0.00,7.74,MISS,0.28
576.96,1.90,1.45,-1.94,5.82,MISS,-0.39
586.73,1.90,0.00,-2.00,-0.00,MISS,-0.90
597.44,1.90,1.53,-0.00,7.85,MISS,0.92
638.40,1.90,0.75,-0.00,7.96,MISS,0.29
677.12,1.90,1.46,-0.00,7.87,MISS,-0.34
729.93,1.90,-0.32,-2.00,5.99,MISS,-0.83
726.82,1.90,-0.84,0.00,7.96,MISS,0.94
723.76,1.90,-0.67,0.00,7.97,HIT,0.84
715.05,1.90,-0.28,0.00,8.00,MISS,0.37
693.48,1.90,0.00,0.00,8.00,MISS,0.15
662.10,1.90,-4.11,0.86,6.87,MISS,-0.27
615.53,1.90,1.00,0.98,4.90,MISS,0.25
670.26,1.90,-0.27,1.27,0.42,MISS,-0.29
685.52,1.90,0.23,1.00,6.25,MISS,0.54
684.70,1.90,0.79,0.98,3.92,MISS,-0.70
691.01,1.90,-1.35,0.98,7.38,MISS,0.92
672.77,1.90,-1.45,-0.00,7.87,MISS,0.82
749.98,1.90,0.73,-0.00,7.97,BULLETHITBULLET,-0.67
695.66,1.90,0.37,-0.00,7.99,MISS,0.27
778.26,1.90,-3.60,-0.00,6.00,MISS,-0.76
779.53,1.90,-0.83,0.00,7.96,MISS,0.88
752.87,1.90,-1.94,0.00,7.76,MISS,0.83
738.01,1.90,-1.23,0.00,7.90,MISS,0.51
725.89,1.90,-0.39,0.00,7.99,HIT,0.23
724.90,0.68,-0.51,0.00,7.98,MISS,0.04
451.57,1.90,2.34,-0.00,7.65,MISS,-0.60
458.90,1.90,2.58,0.95,7.57,MISS,0.27
528.14,1.90,2.25,0.00,7.68,MISS,-0.47
560.72,1.90,1.22,0.97,4.85,MISS,0.27
597.64,1.90,1.99,-0.00,7.75,HIT,-0.30
633.76,1.90,-0.04,-2.00,1.00,MISS,-0.38
650.64,1.90,1.75,0.00,7.81,MISS,-0.12
676.04,1.90,1.62,0.00,7.83,MISS,-0.66
719.44,1.90,-0.58,1.00,6.98,MISS,0.90
702.98,1.90,-2.00,-0.00,7.75,MISS,0.78
674.60,1.90,-1.47,-0.00,7.86,MISS,0.38
697.13,1.90,0.36,-0.00,7.99,MISS,-0.22
730.35,1.90,-2.48,0.93,6.54,MISS,-0.72
741.91,1.90,-0.03,1.00,7.00,MISS,0.99
759.72,1.90,-1.51,0.00,7.86,MISS,0.87
741.43,1.90,-1.04,0.00,7.93,MISS,0.40
743.39,1.90,0.70,0.00,7.97,MISS,-0.02
774.56,1.90,-0.36,0.00,7.99,MISS,-0.25
742.25,1.90,0.22,1.00,4.49,MISS,0.14
737.90,1.90,1.26,-0.00,7.90,MISS,-0.28
713.41,1.90,-0.30,0.99,2.98,MISS,0.38
683.14,1.90,-0.21,0.99,1.61,MISS,0.42
660.99,1.90,-0.61,0.00,7.98,MISS,-0.02
622.50,1.90,0.31,0.98,1.47,HIT,0.41
599.62,1.90,0.02,1.48,0.02,MISS,0.79
541.67,1.90,1.95,-0.00,7.76,MISS,0.88
566.87,1.90,1.65,-0.00,7.83,MISS,0.58
579.66,1.90,1.63,-0.00,7.83,MISS,0.10
585.67,1.90,0.95,-1.98,5.93,MISS,-0.51
583.94,1.90,-0.59,0.99,5.47,MISS,0.90
592.28,1.90,-1.01,0.00,7.94,MISS,0.59
578.67,1.90,-0.44,1.00,6.99,MISS,0.01
550.81,1.90,-0.91,0.00,7.95,MISS,-0.64
557.24,1.90,0.29,-2.00,4.49,MISS,0.78
527.69,1.90,1.12,0.97,4.87,HIT,0.38
538.34,1.90,2.02,-0.00,7.74,MISS,0.22
549.08,1.90,-0.21,1.30,0.59,MISS,-0.35
549.21,1.90,0.10,1.47,0.49,HIT,0.75
554.14,1.90,0.65,-1.89,1.89,MISS,0.48
558.34,1.90,1.41,-0.00,7.88,MISS,-0.04
537.64,1.90,-0.96,-1.94,3.88,MISS,-0.67
547.52,1.90,0.17,1.22,0.73,MISS,0.88
547.37,1.90,-1.35,0.00,7.89,HIT,0.82
512.55,1.90,-2.73,0.00,7.52,MISS,0.30
519.26,1.90,-1.14,0.00,7.92,MISS,-0.51
551.53,1.90,0.33,1.00,4.99,MISS,0.87
570.86,1.90,0.70,-0.00,7.97,MISS,0.60
626.20,1.90,1.93,-1.89,5.68,MISS,-0.02
656.13,1.90,-0.33,1.00,5.99,MISS,-0.53
652.01,1.90,-0.12,-2.00,2.00,MISS,0.83
634.54,1.90,-1.93,0.00,7.76,MISS,0.50
609.90,1.90,-1.50,0.00,7.86,MISS,-0.09
596.04,1.90,-0.39,0.00,7.99,MISS,-0.72
598.72,1.90,0.56,-1.99,5.97,MISS,0.89
618.03,1.90,1.72,-0.00,7.81,MISS,0.42
639.06,1.90,1.66,-0.00,7.83,MISS,-0.09
639.28,1.90,-2.61,-0.00,7.56,HIT,-0.53
633.89,1.90,0.56,1.00,7.98,MISS,0.88
623.12,1.90,-1.39,0.00,7.88,MISS,0.90
607.57,1.15,-1.29,0.00,7.90,MISS,0.97
595.39,1.28,-0.46,0.00,7.99,MISS,0.50
596.79,1.33,0.72,0.00,7.97,MISS,-0.20
570.77,1.35,-1.39,-1.88,3.75,HIT,-0.70
311.57,1.90,3.34,0.00,7.27,MISS,-0.52
316.58,1.90,3.57,0.90,7.16,MISS,0.35
359.40,1.90,1.31,-1.89,3.78,MISS,-0.70
394.15,1.90,0.93,0.95,2.85,MISS,0.81
423.35,1.90,2.56,0.00,7.58,MISS,-0.00
437.64,1.90,-0.10,1.00,5.00,MISS,-0.63
451.01,1.90,2.41,-0.00,7.63,MISS,0.20
462.96,1.90,2.47,-0.00,7.61,MISS,-0.33
466.04,1.90,1.58,0.95,4.88,MISS,-0.00
500.49,1.90,2.34,0.00,7.65,MISS,-0.54
514.63,1.90,2.00,0.96,6.71,MISS,0.09
542.29,1.90,1.93,-0.00,7.76,MISS,-0.57
541.59,1.90,1.01,0.97,3.87,MISS,0.73
561.88,1.90,2.11,0.96,7.72,MISS,0.14
586.53,1.90,0.84,-1.98,5.94,MISS,-0.53
563.67,1.90,1.62,0.97,6.81,BULLETHITBULLET,0.93
574.36,1.90,0.14,1.44,0.48,MISS,0.97
585.23,1.90,1.60,-0.00,7.84,MISS,0.21
583.89,1.90,1.60,-0.00,7.84,MISS,-0.28
604.94,1.90,0.59,0.98,2.94,MISS,0.26
644.43,1.90,-0.24,-1.99,1.99,MISS,-0.02
652.46,1.90,1.81,0.00,7.79,MISS,-0.15
664.99,1.90,1.22,0.98,6.39,MISS,0.15
673.08,1.90,1.39,0.98,7.88,MISS,-0.14
668.00,1.90,0.42,0.99,2.46,MISS,0.08
650.48,1.90,0.73,0.98,3.87,MISS,-0.12
629.72,1.90,0.73,-1.98,4.82,MISS,-0.12
616.26,1.90,1.11,0.98,5.02,MISS,-0.06
658.32,1.90,0.00,1.98,0.00,MISS,0.54
685.82,1.90,-0.21,-2.00,3.99,MISS,0.68
666.01,1.90,-0.80,0.00,7.96,BULLETHITBULLET,-0.58
703.71,1.90,-0.11,1.00,5.25,MISS,0.79
697.16,1.90,-0.64,0.00,7.97,MISS,0.36
609.09,1.90,-0.94,0.99,6.94,MISS,-0.61
544.49,1.90,0.95,0.98,4.91,MISS,1.03
563.92,1.90,1.89,-0.00,7.77,MISS,0.95
581.07,1.90,1.61,-0.00,7.84,MISS,0.61
580.98,1.90,1.61,-0.00,7.84,HIT,0.35
557.51,1.90,-2.03,0.97,7.74,MISS,0.05
499.65,1.90,1.24,0.96,4.33,MISS,0.06
438.18,1.90,-0.90,0.70,0.87,MISS,-0.19
447.04,1.90,-1.61,0.75,1.83,MISS,-0.53
459.71,1.90,1.52,0.00,7.86,BULLETHITBULLET,0.96
429.14,1.90,1.12,0.96,3.73,MISS,0.26
483.36,1.90,0.31,1.00,4.74,HIT,0.02
497.41,0.32,0.24,1.00,2.99,MISS,0.37
505.63,1.90,0.00,1.53,0.47,MISS,-0.29
516.90,1.90,1.41,0.00,7.87,MISS,-0.00
528.34,1.90,-0.27,0.99,1.98,MISS,0.22
318.45,1.90,3.27,-0.00,7.30,HIT,-0.42
356.22,1.90,3.30,0.91,7.29,MISS,0.28
433.40,1.90,1.85,-1.90,5.71,MISS,-0.10
485.33,1.90,0.29,-1.99,3.99,MISS,-0.15
513.29,1.90,1.02,0.97,4.38,HIT,0.07
521.73,1.90,1.82,0.00,7.79,MISS,-0.64
539.91,1.90,0.24,0.99,1.73,MISS,0.85
574.10,1.90,1.66,-0.00,7.83,MISS,0.56
603.83,1.90,-1.03,-0.00,7.93,MISS,0.45
566.91,1.90,-1.51,0.95,4.77,MISS,0.53
559.23,1.90,-0.50,0.94,1.43,MISS,0.90
530.15,1.90,-0.54,-0.00,7.98,MISS,1.04
538.69,1.90,1.66,-0.00,7.83,BULLETHITBULLET,0.41
532.22,1.90,0.82,-0.00,7.96,MISS,0.74
579.34,1.90,1.46,-0.00,7.87,MISS,-0.33
618.02,1.90,-0.74,0.98,3.42,MISS,-0.33
565.25,1.90,-1.81,0.00,7.79,MISS,0.06
544.31,1.90,0.27,1.00,3.99,MISS,-0.24
546.53,1.90,0.07,1.00,1.50,MISS,0.11
555.02,1.90,0.16,1.11,0.86,HIT,-0.05
569.76,1.90,-0.24,0.98,1.11,MISS,-0.09
561.07,1.90,-0.22,0.99,1.52,MISS,0.04
563.58,1.90,0.56,0.97,2.45,HIT,-0.17
608.66,1.90,1.41,-1.87,3.74,MISS,-0.45
606.57,1.90,-4.02,0.00,6.92,MISS,0.45
561.94,1.90,-4.41,0.00,6.68,MISS,0.37
548.62,1.90,-0.67,0.75,0.75,MISS,0.19
450.19,1.90,-5.38,0.64,4.48,MISS,-0.38
382.21,1.90,2.53,-0.00,7.59,BULLETHITBULLET,0.13
358.31,1.90,1.35,0.92,3.23,MISS,1.02
412.02,1.90,2.26,-0.00,7.67,MISS,0.43
415.53,1.90,1.37,0.94,3.76,MISS,-0.17
440.79,1.90,2.68,-0.00,7.54,HIT,-0.23
462.08,1.90,0.92,0.95,2.85,MISS,0.76
492.18,1.90,2.07,0.00,7.73,MISS,0.02
528.66,1.90,1.45,0.00,7.87,MISS,-0.07
549.25,1.90,1.95,0.48,7.76,MISS,0.07
557.06,1.90,-0.01,-2.00,1.00,MISS,-0.03
557.99,1.90,0.01,0.00,8.00,MISS,-0.53
538.72,1.90,0.94,0.96,3.44,MISS,0.95
551.75,1.90,1.33,0.98,5.85,MISS,1.00
571.46,1.90,1.63,0.97,6.81,MISS,0.60
591.31,1.90,1.94,-0.00,7.76,MISS,0.18
608.90,1.90,0.11,-0.00,8.00,MISS,-0.13
597.27,1.42,1.41,0.97,5.83,MISS,0.22
665.50,1.90,1.60,-0.00,7.84,MISS,-0.29
621.33,1.90,-0.21,-1.99,1.99,MISS,-0.75
556.36,1.90,2.04,0.00,7.74,HIT,0.73
533.42,1.90,1.34,-1.95,5.85,MISS,0.83
534.41,1.90,0.60,1.00,7.98,MISS,0.61
527.52,1.90,-1.29,0.00,7.90,MISS,0.06
513.58,1.90,-0.21,-1.96,0.98,MISS,-0.60
522.22,1.90,0.06,1.52,0.47,MISS,0.73
603.97,1.90,1.77,-0.00,7.80,BULLETHITBULLET,-0.54
561.74,1.90,2.12,0.96,7.72,MISS,0.32
603.91,1.90,-0.57,0.96,1.92,MISS,-0.51
562.47,1.90,0.21,-1.96,0.98,MISS,0.81
554.63,1.90,1.83,-0.00,7.79,MISS,0.50
614.21,1.90,1.93,-0.00,7.76,MISS,-0.19
650.68,1.90,-0.68,-1.99,5.96,MISS,-0.70
597.91,1.90,1.90,0.24,7.77,MISS,0.89
562.41,1.90,0.52,0.00,7.98,MISS,0.49
546.91,1.90,-1.80,0.00,7.80,MISS,-0.09
513.36,1.90,-0.98,-1.94,3.88,MISS,-0.54
532.62,1.90,0.12,1.46,0.49,BULLETHITBULLET,-0.68
529.26,1.90,1.30,0.98,5.86,MISS,0.59
529.07,1.90,0.01,1.00,1.00,MISS,-0.62
560.59,1.90,1.17,-0.00,7.91,MISS,0.66
585.19,1.90,-2.26,-0.00,7.68,BULLETHITBULLET,0.05
616.22,1.90,-1.28,-0.00,7.90,MISS,-0.13
669.95,1.90,1.06,0.98,5.91,MISS,-0.12
716.54,1.90,1.31,0.00,7.89,MISS,-0.21
719.14,1.90,0.34,1.00,4.99,HIT,0.12
706.98,1.90,1.45,-0.00,7.87,HIT,-0.21
664.89,1.90,-0.90,0.95,2.86,MISS,0.29
606.03,1.90,-1.67,0.00,7.82,MISS,-0.23
627.77,1.90,-0.33,1.00,3.99,MISS,-0.54
707.45,1.90,1.53,-0.00,7.85,BULLETHITBULLET,-0.06
662.98,1.90,-0.18,1.00,4.50,MISS,0.85
679.66,1.90,1.07,-0.00,7.93,MISS,0.67
710.76,1.90,1.51,-0.00,7.86,MISS,-0.20
703.85,1.90,-0.25,-1.98,1.98,MISS,-0.68
692.42,1.90,0.82,0.98,3.91,MISS,0.95
709.68,1.90,-0.32,0.00,7.99,HIT,0.72
674.66,1.90,-1.66,0.00,7.83,HIT,0.48
597.40,1.90,-1.56,0.00,7.85,MISS,0.17
518.35,1.90,-0.47,-1.98,2.96,MISS,-0.36
536.90,1.90,-0.64,0.86,1.08,MISS,-0.73
559.80,1.90,0.11,1.00,2.87,MISS,1.00
570.83,1.90,0.71,-0.00,7.97,MISS,0.75
643.72,1.90,1.77,-0.00,7.80,MISS,0.08
667.37,1.90,1.59,-0.00,7.84,MISS,-0.44
672.99,1.90,-0.04,1.25,0.75,MISS,0.84
654.25,1.90,-1.99,0.00,7.75,MISS,0.90
629.13,1.90,-1.88,0.00,7.78,MISS,0.83
608.71,1.90,-0.92,0.00,7.95,MISS,0.31
598.77,1.90,-1.31,0.98,6.88,MISS,-0.36
545.59,1.90,-1.30,-1.52,1.52,MISS,-0.66
563.29,1.90,1.88,-0.00,7.78,MISS,0.21
587.62,1.90,1.74,-0.00,7.81,MISS,-0.28
607.10,0.60,0.75,0.98,3.93,BULLETHITBULLET,-0.50
285.97,1.90,3.62,-0.00,7.13,MISS,-0.51
323.35,1.90,3.47,0.90,7.21,HIT,0.34
362.39,1.90,1.49,-1.94,5.81,MISS,-0.70
372.28,1.90,1.82,0.93,4.66,MISS,0.99
404.52,1.90,2.59,-0.00,7.57,HIT,0.38
478.29,1.90,1.41,-0.00,7.88,MISS,0.04
536.61,1.90,1.53,0.98,6.83,MISS,-0.36
569.41,1.90,-0.00,-2.00,-0.00,HIT,0.83
606.06,1.90,1.96,-0.00,7.76,MISS,0.30
661.20,1.90,1.73,-0.00,7.81,MISS,-0.27
663.87,1.90,0.50,-1.98,3.97,MISS,-0.37
631.04,1.90,-1.76,0.00,7.80,MISS,0.10
633.62,1.90,-0.47,0.00,7.99,MISS,-0.35
680.20,1.90,0.43,1.00,6.49,MISS,0.18
727.93,1.90,-0.43,1.00,4.98,BULLETHITBULLET,0.28
713.34,1.90,0.00,-2.00,-0.00,MISS,0.15
721.02,1.90,0.47,1.00,4.98,MISS,0.36
738.61,1.90,0.03,1.00,3.00,MISS,-0.50
768.87,1.90,-0.00,-1.94,-0.00,MISS,-0.83
563.37,1.90,0.29,0.98,1.30,BULLETHITBULLET,0.63
745.10,1.90,-2.25,0.00,7.68,MISS,0.53
698.25,1.90,-1.42,0.98,7.87,MISS,0.12
644.21,1.90,-1.85,0.97,7.78,MISS,-0.32
597.43,1.90,0.72,-0.00,7.97,MISS,0.77
600.97,1.90,-0.23,-0.00,8.00,MISS,0.87
594.74,1.90,-0.16,1.00,8.00,MISS,0.90
600.17,1.90,0.95,-0.00,7.94,MISS,0.70
653.83,1.90,1.09,-0.00,7.92,HIT,0.35
665.91,1.90,-1.13,-1.96,5.89,MISS,-0.17
582.51,1.90,-6.78,-0.00,4.24,MISS,-0.67
617.75,1.90,1.75,0.00,7.81,BULLETHITBULLET,0.03
570.98,1.90,1.27,0.97,4.84,MISS,1.01
600.86,1.90,1.90,0.00,7.77,MISS,0.48
609.26,1.90,1.67,0.97,6.80,BULLETHITBULLET,0.77
603.37,1.90,1.88,0.00,7.78,MISS,-0.56
658.21,1.90,1.81,-0.00,7.79,MISS,-0.28
712.69,1.90,0.33,-1.99,3.99,MISS,-0.41
742.86,1.90,-0.82,0.00,7.96,HIT,0.10
715.15,1.90,-1.27,0.00,7.90,MISS,-0.50
699.96,1.90,0.55,0.98,2.95,MISS,0.81
667.86,1.90,0.99,0.98,4.90,MISS,0.83
665.39,1.90,1.57,-0.00,7.85,MISS,0.54
675.55,1.90,1.20,0.99,6.90,HIT,0.18
657.88,1.90,-2.77,0.83,4.16,MISS,-0.41
627.39,1.90,0.68,0.98,3.43,MISS,0.78
654.60,1.90,1.19,0.98,6.61,MISS,0.92
639.99,1.90,-0.29,0.00,7.99,MISS,0.74
556.30,1.90,-2.56,0.00,7.58,MISS,0.43
470.36,1.90,-0.61,0.98,2.94,BULLETHITBULLET,-0.64
492.10,1.90,-2.63,0.00,7.55,MISS,-0.11
507.78,1.90,1.32,0.98,6.36,MISS,0.55
523.70,1.90,-0.42,0.99,2.97,MISS,-0.35
543.77,1.90,2.03,-0.00,7.74,MISS,0.18
555.42,1.90,-0.08,1.66,0.24,MISS,0.18
560.73,1.90,0.45,0.97,1.82,MISS,-0.52
540.29,1.90,0.41,0.97,1.65,MISS,-0.48
515.02,1.90,-2.51,0.00,7.60,MISS,-0.15
522.86,1.90,-0.45,-1.98,2.97,MISS,-0.34
543.09,1.90,2.15,-0.00,7.71,MISS,0.21
538.31,0.62,1.70,-1.81,3.62,MISS,-0.11
