distance,myBulletPower,opponentAdvancingVelocity,opponentBackwardWall,opponentCurrentGuessFactor,opponentForwardWall,opponentLateralVelocity,opponentTimeSinceLastDeceleration,type,guessFactor
396.63,1.99,-7.71,0.54,0.00,0.79,2.14,11.00,HIT,-0.01
314.95,1.99,-7.45,0.52,-0.03,0.77,2.91,25.00,BULLETHITBULLET,-0.04
243.40,1.99,0.08,0.43,0.00,0.92,8.00,39.00,MISS,0.98
335.69,1.99,6.39,0.59,0.56,0.84,4.82,53.00,MISS,0.48
414.41,1.99,-1.66,0.56,0.58,0.92,7.83,69.00,MISS,-1.00
451.84,1.99,2.23,0.67,-0.28,0.91,7.68,10.00,MISS,0.53
509.87,1.99,5.28,0.70,-1.00,0.85,6.01,24.00,MISS,0.35
496.40,1.99,-5.55,0.70,0.49,0.85,5.77,9.00,MISS,0.61
472.80,1.99,0.00,0.82,0.35,0.79,-0.00,0.00,MISS,0.15
521.80,1.99,-0.00,0.82,0.29,0.83,-0.00,10.00,MISS,-0.47
470.36,1.99,1.93,0.67,-0.26,0.92,7.76,24.00,MISS,-0.04
439.42,1.99,2.02,0.69,-0.58,0.88,7.03,0.00,MISS,-1.00
402.50,1.99,3.23,0.62,0.22,0.92,7.32,10.00,MISS,1.00
463.04,1.99,4.31,0.68,-0.84,0.90,6.74,25.00,MISS,1.00
527.19,1.99,2.57,0.70,0.90,0.91,7.58,40.00,BULLETHITBULLET,0.51
558.38,1.99,4.04,0.65,0.86,0.92,6.90,54.00,MISS,0.33
608.17,1.99,6.18,0.62,0.68,0.83,5.08,69.00,MISS,0.03
623.00,1.99,-0.00,0.60,0.03,0.82,0.00,19.00,BULLETHITBULLET,1.00
612.19,1.99,-0.00,0.62,0.33,0.83,0.00,4.00,MISS,0.29
563.11,1.99,-0.53,0.65,0.04,0.93,4.97,37.00,MISS,0.22
529.26,1.99,3.94,0.70,0.34,0.91,6.96,52.00,MISS,-0.13
508.43,1.99,-0.72,0.82,0.51,0.87,2.70,3.00,HIT,-0.01
376.16,1.99,3.42,0.55,0.20,0.91,7.23,13.00,HIT,0.97
354.70,1.99,-6.43,0.58,0.00,0.86,4.76,12.00,MISS,0.91
317.70,1.99,-4.49,0.55,0.54,0.93,6.62,26.00,MISS,0.36
310.84,1.99,0.00,0.78,0.50,0.78,-0.00,0.00,MISS,-1.00
403.56,1.99,6.03,0.48,-0.48,0.89,5.26,14.00,HIT,0.96
494.40,1.99,2.52,0.59,0.42,0.92,7.59,28.00,MISS,0.69
607.38,1.99,0.46,0.83,0.69,0.77,0.28,0.00,MISS,-0.51
538.71,1.99,-1.87,0.82,0.24,0.86,2.35,13.00,MISS,0.30
423.39,1.99,-3.63,0.66,-0.35,0.87,7.13,27.00,MISS,-0.56
337.08,1.99,1.63,0.63,0.48,0.92,5.39,5.00,HIT,0.97
373.03,1.99,4.16,0.60,0.65,0.90,6.83,23.00,MISS,0.28
455.36,1.99,5.34,0.66,0.48,0.88,5.95,37.00,MISS,-0.48
397.24,1.99,-5.95,0.65,0.31,0.89,5.35,10.00,MISS,-0.33
278.67,1.99,0.51,0.68,-0.50,0.84,2.96,3.00,MISS,1.00
299.12,1.99,4.14,0.53,0.71,0.90,6.85,18.00,MISS,-0.14
359.55,1.99,-0.87,0.75,0.29,0.85,1.80,4.00,MISS,0.68
324.05,1.99,-2.85,0.57,0.53,0.87,7.48,18.00,MISS,-0.47
243.86,1.99,1.95,0.32,-0.02,0.90,7.76,8.00,MISS,0.33
243.76,1.99,-0.00,0.73,0.32,0.59,0.00,4.00,MISS,-0.80
301.80,1.99,4.24,0.52,-0.42,0.88,6.78,18.00,MISS,-0.27
362.29,1.99,-4.03,0.65,0.16,0.92,4.45,6.00,MISS,0.50
353.08,1.99,2.89,0.73,0.38,0.78,0.79,3.00,MISS,-0.19
450.76,1.99,-0.29,0.74,0.27,0.88,1.77,2.00,MISS,0.59
582.87,1.99,-0.20,0.75,0.73,0.87,0.98,1.00,MISS,0.92
570.37,1.99,0.37,0.72,-0.00,0.84,7.99,15.00,MISS,0.67
520.47,1.99,-0.07,0.85,0.55,0.70,1.03,1.00,HIT,0.24
344.70,1.99,7.45,0.59,0.00,0.79,2.91,28.00,MISS,1.00
446.17,1.99,5.43,0.68,0.40,0.89,5.87,43.00,MISS,0.98
528.00,1.99,2.56,0.70,0.90,0.90,7.58,5.00,MISS,0.75
585.55,1.99,4.84,0.64,0.80,0.89,6.37,19.00,MISS,0.73
605.09,1.99,1.24,0.64,0.51,0.90,2.73,4.00,MISS,0.66
591.39,1.99,-0.19,0.67,0.44,0.83,8.00,18.00,MISS,-0.07
628.24,1.99,2.63,0.73,0.65,0.75,7.55,32.00,MISS,-0.55
636.93,1.99,-1.86,0.70,0.32,0.87,7.78,9.00,MISS,0.08
522.10,1.99,-1.37,0.71,-0.51,0.73,7.88,25.00,MISS,-0.46
419.09,1.99,0.84,0.62,0.38,0.90,7.96,8.00,MISS,0.43
383.65,1.99,0.61,0.79,-0.46,0.87,2.41,0.00,MISS,0.26
346.02,1.99,4.41,0.57,-0.36,0.87,6.67,26.00,BULLETHITBULLET,0.97
341.86,1.99,-0.00,0.79,0.43,0.74,-0.00,12.00,MISS,-0.95
449.56,1.99,5.20,0.67,0.00,0.88,6.08,40.00,MISS,1.00
493.06,1.99,5.07,0.69,0.43,0.90,6.18,55.00,MISS,0.78
538.55,1.99,3.89,0.68,0.83,0.82,6.99,70.00,MISS,-0.03
685.62,1.99,-1.47,0.66,0.80,0.89,4.78,5.00,MISS,0.21
628.93,1.99,-2.30,0.73,0.10,0.77,7.66,19.00,HIT,-0.49
521.96,1.99,0.05,0.64,0.54,0.87,1.28,1.00,MISS,1.00
454.42,1.99,2.74,0.66,0.28,0.91,7.52,15.00,MISS,1.00
449.01,1.99,3.15,0.67,0.77,0.92,7.36,42.00,HIT,0.97
518.01,1.99,3.04,0.71,0.39,0.93,7.40,56.00,MISS,0.91
588.06,1.99,4.62,0.65,0.78,0.90,6.53,70.00,MISS,0.58
620.79,1.99,2.50,0.58,0.60,0.92,7.16,5.00,MISS,0.54
616.65,1.99,1.48,0.64,0.56,0.88,5.63,0.00,MISS,0.21
615.33,1.28,0.00,0.86,0.58,0.70,-0.00,11.00,MISS,-0.23
656.21,0.53,3.63,0.72,0.52,0.91,5.37,0.00,MISS,0.27
632.73,0.53,0.00,0.84,0.21,0.82,-0.00,8.00,MISS,-0.64
499.92,0.33,2.16,0.75,-0.75,0.92,4.05,0.00,BULLETHITBULLET,0.24
578.17,0.48,0.00,0.84,-0.22,0.81,-0.00,20.00,MISS,-0.80
504.67,0.38,1.94,0.61,-0.35,0.93,7.76,34.00,MISS,0.73
481.77,0.23,1.87,0.75,0.56,0.92,3.36,0.00,BULLETHITBULLET,0.25
457.12,0.28,0.40,0.57,0.58,0.93,7.99,10.00,MISS,0.71
533.29,0.18,3.64,0.64,0.00,0.93,7.12,13.00,HIT,0.97
291.38,1.99,-1.51,0.45,0.00,0.90,7.86,10.00,HIT,0.96
279.06,1.99,-5.93,0.50,0.74,0.85,5.37,25.00,MISS,1.00
270.88,1.99,0.31,0.47,0.94,0.92,7.99,42.00,MISS,0.68
271.38,1.99,4.16,0.48,0.55,0.75,6.83,56.00,MISS,-0.34
299.22,1.99,-0.34,0.57,0.22,0.91,4.99,5.00,MISS,0.67
347.10,1.99,2.85,0.57,0.62,0.93,7.47,19.00,MISS,0.43
393.71,1.99,-0.04,0.79,0.07,0.86,2.00,10.00,MISS,0.81
396.91,1.99,-2.68,0.63,0.48,0.82,7.54,24.00,MISS,-0.18
410.42,1.99,-0.52,0.57,0.29,0.91,3.97,4.00,MISS,0.79
442.14,1.99,2.78,0.64,0.47,0.91,7.50,18.00,MISS,0.13
476.39,1.99,-0.00,0.82,0.79,0.83,-0.00,1.00,MISS,-0.54
385.98,1.99,-1.33,0.72,0.21,0.91,4.82,19.00,MISS,0.38
314.51,1.99,-0.33,0.54,-0.50,0.90,7.99,33.00,MISS,-1.00
268.00,1.99,2.06,0.49,-0.46,0.92,7.73,11.00,MISS,0.61
391.83,1.99,7.30,0.65,0.61,0.81,3.28,27.00,MISS,-0.80
418.32,1.99,-3.62,0.63,-0.26,0.91,7.13,10.00,MISS,-0.06
338.74,1.99,0.44,0.70,0.31,0.90,3.98,4.00,MISS,0.26
355.56,1.99,-2.56,0.71,0.47,0.87,3.07,4.00,MISS,0.28
316.26,1.99,1.61,0.66,0.36,0.89,4.73,5.00,MISS,0.08
344.52,1.99,-0.10,0.74,0.42,0.87,3.00,3.00,HIT,0.24
286.21,1.99,0.36,0.71,0.49,0.82,1.97,0.00,MISS,-1.00
256.04,1.99,2.56,0.46,-0.69,0.90,7.58,14.00,MISS,0.61
334.28,1.99,2.23,0.68,0.70,0.87,3.32,0.00,BULLETHITBULLET,0.32
350.69,1.99,-2.92,0.57,0.00,0.91,7.45,12.00,MISS,-0.70
406.37,1.99,3.45,0.63,-0.22,0.87,7.22,11.00,MISS,-0.41
464.60,1.28,-2.57,0.74,0.20,0.91,3.07,4.00,MISS,0.55
428.04,1.28,-5.50,0.63,-0.31,0.91,5.81,17.00,MISS,-0.58
436.04,0.53,1.72,0.64,0.06,0.92,5.75,6.00,MISS,0.15
489.67,0.48,2.70,0.76,0.44,0.92,3.45,0.00,MISS,-0.94
448.72,0.43,-1.82,0.61,0.23,0.93,7.79,9.00,MISS,0.48
292.64,0.33,0.02,0.57,0.56,0.92,5.00,5.00,BULLETHITBULLET,0.21
366.06,0.38,-1.18,0.50,-0.79,0.92,7.91,20.00,MISS,-0.59
259.60,0.28,-0.00,0.68,0.00,0.68,-0.00,0.00,HIT,-0.80
392.11,1.99,6.88,0.64,-0.00,0.83,4.08,8.00,BULLETHITBULLET,1.00
344.27,1.99,-5.49,0.59,0.00,0.87,5.81,13.00,MISS,-0.38
491.53,1.99,-1.08,0.79,0.00,0.83,1.68,2.00,MISS,0.03
504.93,1.99,0.06,0.84,0.32,0.70,1.23,0.00,MISS,-0.79
475.24,1.99,0.58,0.68,0.22,0.91,6.98,14.00,MISS,0.40
485.89,1.99,2.37,0.68,-0.54,0.91,7.64,28.00,MISS,-0.55
510.89,1.99,0.05,0.78,0.61,0.90,3.00,3.00,MISS,0.84
516.59,1.99,3.55,0.68,-0.25,0.88,7.17,18.00,MISS,0.38
599.20,1.99,7.53,0.73,0.73,0.68,2.70,32.00,MISS,0.42
692.81,1.99,0.00,0.76,0.84,0.70,-0.00,4.00,MISS,0.47
611.66,1.99,2.50,0.75,0.42,0.85,5.09,0.00,BULLETHITBULLET,0.28
663.50,1.99,-2.81,0.79,0.07,0.85,4.14,20.00,MISS,0.61
537.50,1.99,0.20,0.74,0.37,0.91,3.99,14.00,MISS,0.68
484.90,1.99,0.73,0.77,0.50,0.90,3.86,0.00,MISS,0.82
587.14,1.99,4.58,0.64,0.68,0.90,6.56,29.00,BULLETHITBULLET,0.99
520.02,1.99,2.02,0.71,0.26,0.93,7.74,15.00,MISS,1.00
623.77,1.99,1.85,0.63,0.67,0.90,7.78,43.00,MISS,0.80
656.01,1.99,4.32,0.61,0.30,0.78,6.73,57.00,MISS,0.65
691.92,1.99,0.75,0.69,0.43,0.75,3.93,7.00,MISS,0.62
727.78,1.99,-0.00,0.80,0.65,0.70,-0.00,6.00,MISS,0.24
638.82,1.99,-0.63,0.76,0.62,0.82,2.69,0.00,HIT,0.24
575.77,1.99,0.00,0.71,0.23,0.82,-0.00,12.00,MISS,0.63
518.16,1.99,-2.08,0.60,0.17,0.91,4.55,26.00,MISS,0.98
479.82,1.99,0.62,0.66,0.45,0.93,7.98,42.00,MISS,1.00
534.57,1.99,3.46,0.71,0.86,0.92,7.21,56.00,MISS,0.88
600.60,1.99,5.62,0.63,0.78,0.90,5.70,71.00,MISS,0.54
647.64,1.99,4.84,0.56,0.61,0.90,6.37,86.00,MISS,0.47
668.86,1.99,1.50,0.61,0.88,0.83,2.72,0.00,MISS,0.50
670.36,1.52,-0.00,0.62,0.52,0.84,-0.00,12.00,MISS,0.85
666.87,0.77,-2.34,0.69,0.40,0.94,7.65,26.00,MISS,0.54
607.14,0.77,-0.00,0.70,0.47,0.93,8.00,40.00,MISS,-0.08
566.72,0.77,0.32,0.79,0.69,0.91,3.99,0.00,MISS,-0.62
542.80,0.77,1.93,0.66,0.17,0.94,7.76,10.00,MISS,0.62
518.49,0.77,0.00,0.79,-0.52,0.84,-0.00,2.00,HIT,-0.53
586.09,1.99,-4.92,0.80,0.00,0.57,0.89,5.00,HIT,0.21
491.95,1.99,-8.00,0.50,0.14,0.77,0.27,21.00,MISS,0.85
604.74,1.99,1.77,0.74,0.62,0.88,7.80,37.00,BULLETHITBULLET,1.00
503.65,1.99,4.56,0.47,0.15,0.90,6.57,8.00,HIT,0.99
563.95,1.99,6.50,0.65,0.61,0.88,4.67,23.00,HIT,0.97
579.57,1.99,-0.43,0.73,0.62,0.88,7.99,51.00,MISS,0.58
535.11,1.99,-5.84,0.70,0.39,0.84,5.46,10.00,MISS,-0.28
424.15,1.99,-0.00,0.71,0.63,0.80,-0.00,1.00,MISS,0.62
392.99,1.99,1.40,0.56,-0.20,0.93,7.88,18.00,MISS,0.06
424.78,1.99,0.62,0.80,0.06,0.71,2.59,0.00,MISS,-0.53
392.55,1.99,-0.00,0.67,0.00,0.82,-0.00,11.00,MISS,0.94
361.19,1.99,5.36,0.62,-0.35,0.88,5.94,25.00,MISS,0.57
402.46,1.99,5.10,0.62,0.87,0.90,6.17,43.00,MISS,0.53
407.82,1.99,-0.00,0.82,0.57,0.82,-0.00,9.00,HIT,0.60
488.04,1.99,6.02,0.70,0.41,0.87,5.26,23.00,MISS,0.36
592.17,1.99,-0.98,0.66,0.62,0.83,0.19,1.00,HIT,0.25
543.87,1.99,-2.00,0.73,0.36,0.89,3.05,0.00,MISS,-0.09
537.46,1.99,2.25,0.82,0.21,0.69,1.98,13.00,MISS,-0.11
576.99,1.99,-0.00,0.52,-0.09,0.86,0.00,4.00,MISS,0.68
577.17,1.99,-0.52,0.45,0.12,0.91,2.95,20.00,MISS,0.78
573.28,1.99,0.39,0.64,0.36,0.88,7.99,34.00,MISS,0.52
566.52,1.99,0.40,0.72,0.64,0.72,7.99,48.00,MISS,0.19
565.35,1.33,0.00,0.85,0.78,0.57,0.00,5.00,MISS,-0.35
564.92,0.58,0.00,0.83,0.52,0.58,0.00,18.00,MISS,-0.51
556.54,0.53,0.72,0.61,-0.06,0.95,4.95,32.00,MISS,0.45
583.18,0.43,2.24,0.77,-0.50,0.92,3.61,0.00,MISS,0.51
559.36,0.38,-0.00,0.83,0.39,0.83,0.00,8.00,MISS,-0.93
526.54,0.23,3.05,0.78,-0.92,0.90,2.96,0.00,BULLETHITBULLET,0.26
508.92,0.33,2.48,0.61,0.16,0.93,7.61,19.00,MISS,0.60
506.35,0.28,4.32,0.54,-0.58,0.94,6.73,30.00,MISS,-0.01
462.87,0.18,-5.89,0.59,0.16,0.89,5.41,9.00,HIT,0.44
396.94,1.99,4.85,0.63,0.00,0.89,6.36,30.00,MISS,0.49
475.58,1.99,0.71,0.76,0.48,0.77,4.04,0.00,MISS,-0.23
501.98,1.99,-0.00,0.71,0.49,0.83,0.00,11.00,MISS,0.33
525.69,1.99,0.12,0.75,-0.02,0.86,3.00,25.00,MISS,0.04
577.88,1.99,1.29,0.82,0.32,0.74,4.02,0.00,MISS,-0.50
523.45,1.99,1.11,0.74,0.30,0.90,2.79,14.00,MISS,0.44
576.24,1.99,4.82,0.73,-0.33,0.87,6.38,28.00,MISS,0.17
618.74,1.99,-3.61,0.66,0.42,0.87,1.72,7.00,HIT,0.26
516.54,1.99,-0.00,0.66,0.17,0.83,0.00,0.00,MISS,0.45
512.12,1.99,2.98,0.79,0.05,0.61,0.31,15.00,MISS,-0.53
615.97,1.99,7.31,0.62,0.23,0.83,3.25,29.00,MISS,0.55
703.21,1.99,3.14,0.69,0.44,0.74,0.57,0.00,MISS,0.43
637.97,1.99,-5.79,0.73,-0.48,0.79,5.52,12.00,MISS,-0.18
532.32,1.99,-6.11,0.71,0.53,0.74,5.17,26.00,MISS,-0.36
522.52,1.99,5.72,0.59,0.46,0.88,5.59,8.00,MISS,-0.20
628.22,1.99,7.15,0.67,-0.11,0.79,3.60,22.00,MISS,-0.64
600.58,1.99,-0.17,0.31,-0.67,0.88,1.99,2.00,BULLETHITBULLET,0.26
659.97,1.99,-2.40,0.75,-0.45,0.72,5.50,6.00,MISS,0.20
619.51,1.99,-1.93,0.74,-0.10,0.51,7.76,20.00,HIT,-0.50
599.85,1.99,-0.85,0.59,0.23,0.89,7.96,17.00,MISS,0.58
591.42,1.99,-0.85,0.71,-0.53,0.74,7.95,31.00,MISS,0.22
595.51,1.99,-0.00,0.53,0.58,0.85,0.00,2.00,MISS,0.50
575.02,1.99,0.00,0.48,0.58,0.86,0.00,16.00,MISS,0.64
535.14,1.99,2.95,0.56,0.09,0.92,6.35,31.00,MISS,0.64
590.07,1.99,4.11,0.71,0.43,0.88,6.86,45.00,MISS,0.38
635.08,1.99,-1.59,0.65,0.64,0.85,0.71,2.00,MISS,0.18
519.54,1.99,-4.26,0.77,0.38,0.69,0.83,0.00,MISS,-0.78
545.28,0.53,4.79,0.64,0.04,0.92,6.41,17.00,MISS,0.91
599.47,0.53,4.23,0.68,-0.51,0.91,6.79,29.00,HIT,0.57
349.77,1.99,1.07,0.77,0.00,0.76,1.69,0.00,MISS,-0.87
342.21,1.99,-5.10,0.59,-0.44,0.88,6.17,13.00,MISS,0.87
343.53,1.99,0.54,0.57,0.60,0.92,7.98,27.00,MISS,-0.27
377.69,1.99,0.63,0.76,0.27,0.91,3.46,3.00,MISS,0.41
455.32,1.99,5.20,0.66,0.49,0.88,6.08,18.00,MISS,-0.71
475.50,1.99,-5.36,0.68,-0.10,0.92,5.94,9.00,MISS,0.09
406.78,1.99,-2.41,0.75,0.38,0.89,3.19,0.00,MISS,-0.59
378.45,1.99,3.44,0.62,-0.35,0.91,7.22,12.00,MISS,-0.23
395.97,1.99,-2.08,0.78,-0.66,0.82,2.16,3.00,MISS,0.38
349.49,1.99,-3.39,0.57,0.44,0.84,7.25,17.00,MISS,-1.00
355.88,1.99,2.80,0.59,0.53,0.89,7.49,28.00,BULLETHITBULLET,0.99
362.86,1.99,-3.24,0.59,-0.61,0.91,7.31,14.00,MISS,0.55
334.48,1.73,1.75,0.54,0.00,0.90,7.81,14.00,HIT,0.97
380.94,1.58,1.13,0.61,0.59,0.95,7.92,4.00,MISS,0.67
353.73,1.99,-1.20,0.60,0.56,0.81,7.91,18.00,HIT,-0.53
315.86,1.99,-0.01,0.54,-0.00,0.92,8.00,8.00,BULLETHITBULLET,0.95
343.00,1.99,0.41,0.58,0.61,0.92,7.99,22.00,MISS,0.36
347.38,1.99,0.86,0.69,0.57,0.88,3.91,0.00,MISS,-0.64
324.41,1.99,1.11,0.57,-0.46,0.93,7.92,12.00,MISS,-0.50
359.28,1.99,-0.41,0.59,0.01,0.92,7.99,8.00,MISS,0.01
383.32,1.99,-1.28,0.77,0.36,0.87,1.53,2.00,MISS,0.38
335.22,1.99,-2.91,0.55,0.43,0.91,7.45,16.00,MISS,-0.79
318.32,1.99,3.39,0.54,-0.43,0.91,7.25,11.00,MISS,-0.60
335.23,1.99,-0.00,0.77,0.48,0.77,-0.00,0.00,BULLETHITBULLET,0.28
339.96,1.99,-2.26,0.65,0.10,0.92,5.56,6.00,HIT,0.23
358.81,1.99,-1.55,0.56,0.00,0.92,7.85,14.00,MISS,0.79
386.20,1.99,3.79,0.54,0.51,0.71,7.04,28.00,MISS,-0.12
394.02,1.44,-0.99,0.31,0.39,0.92,3.88,4.00,MISS,0.70
388.94,0.69,-1.58,0.53,0.51,0.93,7.84,17.00,MISS,0.21
388.89,0.64,0.00,0.79,0.21,0.78,0.00,4.00,MISS,0.31
396.41,0.59,0.00,0.78,-0.00,0.78,0.00,16.00,MISS,0.77
398.84,0.54,0.57,0.53,0.43,0.92,7.98,28.00,MISS,0.03
409.47,0.49,-0.00,0.81,0.29,0.76,0.00,3.00,MISS,-1.00
422.67,0.44,1.61,0.56,-0.35,0.94,7.84,14.00,HIT,0.56
157.47,1.99,-6.20,0.13,0.00,0.78,5.06,18.00,MISS,1.00
290.94,1.99,-1.23,0.63,0.00,0.89,4.85,7.00,BULLETHITBULLET,0.23
334.00,1.99,0.90,0.73,0.00,0.71,1.78,0.00,MISS,-0.83
341.89,1.99,-1.13,0.58,-0.52,0.92,7.92,14.00,MISS,0.60
430.63,1.99,6.63,0.68,0.51,0.75,4.47,28.00,MISS,-0.67
499.23,1.99,-0.60,0.62,0.65,0.91,4.54,4.00,BULLETHITBULLET,0.24
537.03,1.99,2.26,0.68,-0.43,0.89,7.67,18.00,BULLETHITBULLET,0.65
576.25,1.99,2.18,0.71,0.40,0.86,7.70,34.00,MISS,0.32
559.89,1.99,-1.25,0.71,0.37,0.89,7.90,48.00,MISS,-0.56
592.45,1.99,2.80,0.57,-0.06,0.92,7.49,15.00,MISS,0.71
635.25,1.99,5.14,0.55,-0.53,0.88,6.13,29.00,HIT,0.45
660.24,0.10,-0.48,0.68,0.45,0.95,7.06,7.00,MISS,0.40
641.64,0.10,0.00,0.81,0.45,0.85,0.00,6.00,BULLETHITBULLET,-0.53
639.92,0.10,-2.05,0.69,0.68,0.91,7.73,19.00,MISS,-0.34
652.92,1.99,-0.98,0.76,0.03,0.79,2.83,17.00,MISS,0.30
573.21,1.99,-2.57,0.71,0.32,0.61,7.58,31.00,MISS,-0.38
444.18,1.99,-0.01,0.44,0.62,0.82,0.31,0.00,MISS,1.00
370.92,1.99,2.07,0.59,-0.04,0.91,7.73,15.00,BULLETHITBULLET,0.98
413.65,0.67,-0.31,0.59,0.91,0.96,7.99,29.00,HIT,0.46
441.05,0.64,0.00,0.81,0.14,0.81,0.00,6.00,HIT,-0.54
458.36,0.70,1.36,0.59,-0.41,0.94,7.88,20.00,MISS,-0.31
457.40,1.41,-0.00,0.84,0.11,0.84,0.00,9.00,MISS,0.27
413.46,1.91,-0.43,0.79,0.33,0.90,2.91,0.00,MISS,-0.50
397.93,0.12,-2.93,0.53,0.49,0.96,7.45,27.00,BULLETHITBULLET,0.48
402.07,1.99,-1.40,0.73,0.29,0.89,3.75,13.00,MISS,0.76
414.69,0.11,0.11,0.69,0.00,0.95,5.00,5.00,MISS,0.70
444.58,0.11,2.61,0.56,0.51,0.93,7.56,16.00,MISS,-0.16
459.85,0.11,-1.81,0.65,0.12,0.95,5.72,6.00,MISS,0.05
441.57,0.11,0.00,0.80,0.20,0.78,0.00,3.00,MISS,0.81
449.61,0.11,2.68,0.63,0.09,0.94,5.37,14.00,MISS,0.68
520.12,0.11,5.66,0.63,0.68,0.89,5.65,25.00,MISS,-0.26
584.46,0.11,2.71,0.76,0.71,0.82,2.95,0.00,MISS,-1.00
549.29,0.11,1.28,0.61,-0.21,0.94,7.90,15.00,MISS,0.22
582.70,0.11,3.55,0.65,-0.97,0.86,7.17,26.00,MISS,-0.60
620.97,0.10,0.46,0.73,0.48,0.94,4.98,5.00,MISS,0.59
631.74,0.10,2.00,0.70,-0.37,0.91,7.74,16.00,MISS,0.35
640.03,0.10,0.00,0.85,0.51,0.81,0.00,3.00,MISS,0.21
647.98,0.10,0.91,0.72,0.29,0.80,6.94,15.00,MISS,0.09
666.68,0.10,0.00,0.85,0.21,0.76,0.00,6.00,MISS,0.40
678.91,0.10,0.00,0.86,0.07,0.82,0.00,17.00,MISS,0.57
654.83,0.10,0.48,0.79,0.07,0.88,4.98,31.00,MISS,0.53
656.82,0.10,2.01,0.70,0.43,0.85,7.74,42.00,MISS,0.39
625.23,0.10,0.00,0.84,0.48,0.78,0.00,4.00,MISS,0.53
583.49,0.10,-2.77,0.70,0.25,0.92,6.43,19.00,HIT,0.50
540.29,0.10,-5.61,0.65,0.50,0.91,5.71,31.00,MISS,-0.42
530.03,0.10,1.41,0.73,0.09,0.92,2.65,9.00,MISS,0.78
538.86,0.10,3.72,0.57,0.36,0.93,7.08,20.00,MISS,0.33
577.75,0.10,5.38,0.62,0.73,0.92,5.92,31.00,MISS,0.01
576.69,0.10,-3.97,0.74,0.38,0.73,0.49,6.00,MISS,0.02
551.63,0.10,-0.00,0.78,0.02,0.74,-0.00,14.00,BULLETHITBULLET,-0.54
542.03,0.10,-0.00,0.78,0.01,0.73,-0.00,3.00,MISS,-0.25
521.04,0.10,-2.01,0.68,-0.05,0.94,4.58,25.00,MISS,0.77
500.21,0.10,3.73,0.61,0.40,0.91,7.08,36.00,MISS,0.08
542.98,0.10,1.48,0.65,0.27,0.95,7.60,8.00,MISS,1.00
570.24,0.10,4.21,0.67,0.45,0.89,6.80,21.00,MISS,0.69
628.07,0.10,5.12,0.64,0.79,0.76,6.15,32.00,MISS,0.41
676.22,0.10,-0.00,0.86,0.69,0.63,-0.00,1.00,HIT,0.34
215.90,1.99,7.25,0.39,0.00,0.78,3.39,19.00,HIT,0.92
293.10,1.99,4.20,0.54,0.46,0.91,6.81,33.00,MISS,1.00
301.01,1.99,-1.15,0.52,0.63,0.92,7.92,47.00,HIT,0.56
342.19,1.99,-0.06,0.73,0.55,0.75,1.00,1.00,MISS,1.00
345.00,1.99,-0.46,0.57,0.58,0.91,7.99,15.00,MISS,0.69
373.93,1.99,3.24,0.60,1.00,0.92,7.31,29.00,MISS,-0.49
353.97,1.99,-0.02,0.73,0.71,0.91,4.52,4.00,MISS,0.46
390.25,1.99,0.90,0.72,0.62,0.88,3.90,0.00,MISS,-1.00
428.29,1.99,2.14,0.64,-0.49,0.90,7.71,14.00,MISS,0.62
477.60,1.99,5.64,0.69,0.44,0.84,5.67,31.00,MISS,-0.22
563.62,1.99,6.59,0.73,0.67,0.69,4.53,45.00,MISS,-0.73
581.87,1.99,-2.58,0.70,0.09,0.82,7.57,12.00,MISS,-0.02
533.85,1.99,3.22,0.53,0.36,0.92,7.32,8.00,BULLETHITBULLET,0.98
539.13,1.99,-2.66,0.71,-0.66,0.68,7.55,26.00,MISS,-0.71
598.31,1.99,5.37,0.66,-0.48,0.86,5.93,22.00,MISS,0.50
596.57,1.99,0.26,0.73,0.19,0.90,8.00,9.00,HIT,0.56
581.30,1.99,0.00,0.85,0.45,0.71,0.00,2.00,MISS,0.49
543.15,1.99,-3.69,0.75,0.32,0.71,4.73,17.00,MISS,0.04
441.52,1.99,-2.51,0.76,0.51,0.57,2.94,0.00,MISS,-0.90
439.68,1.99,2.64,0.53,0.15,0.92,7.55,14.00,MISS,0.32
492.78,1.99,5.30,0.66,-0.85,0.89,5.99,29.00,MISS,-0.19
427.69,1.99,-0.00,0.80,-0.09,0.73,0.00,2.00,HIT,0.45
261.05,1.99,2.84,0.45,0.00,0.87,7.48,20.00,MISS,1.00
302.89,1.99,0.48,0.52,0.75,0.91,7.99,34.00,HIT,0.63
353.08,1.99,0.67,0.60,0.63,0.93,7.97,48.00,MISS,-0.67
395.56,1.99,0.95,0.62,-0.25,0.93,7.94,10.00,MISS,0.30
473.34,1.99,-0.00,0.76,0.30,0.71,-0.00,2.00,MISS,0.57
490.23,1.99,2.58,0.78,0.01,0.74,1.52,16.00,HIT,0.31
546.32,1.99,2.24,0.71,0.43,0.67,7.68,30.00,HIT,-0.55
581.17,1.99,-1.03,0.67,0.52,0.89,1.71,7.00,MISS,0.78
534.00,1.99,-4.47,0.70,-0.28,0.92,6.63,21.00,MISS,0.46
417.08,1.99,-2.74,0.63,0.67,0.82,7.52,35.00,MISS,-0.18
380.70,1.99,0.00,0.71,0.47,0.81,-0.00,7.00,HIT,0.61
430.86,1.99,2.83,0.64,-0.10,0.93,7.48,23.00,MISS,0.53
511.69,1.99,-3.86,0.66,0.42,0.85,1.03,4.00,HIT,0.25
458.14,1.99,-0.00,0.79,-0.04,0.68,-0.00,2.00,MISS,-0.64
548.32,1.99,5.81,0.69,-0.28,0.85,5.50,20.00,MISS,0.49
607.90,0.58,-5.74,0.71,0.30,0.86,5.57,8.00,BULLETHITBULLET,0.49
533.85,0.53,-0.00,0.76,0.27,0.84,-0.00,1.00,MISS,0.77
528.37,0.48,4.65,0.64,0.20,0.93,6.51,14.00,MISS,0.72
582.15,0.43,5.75,0.68,0.55,0.91,5.56,25.00,MISS,0.47
649.42,0.33,1.31,0.76,0.54,0.88,5.86,6.00,MISS,0.20
664.14,0.28,-0.00,0.85,0.47,0.77,-0.00,1.00,MISS,-0.35
647.67,0.23,-0.00,0.85,0.22,0.76,-0.00,12.00,MISS,-0.43
632.93,0.18,0.13,0.74,0.22,0.88,0.99,23.00,MISS,0.41
649.07,0.13,2.75,0.67,-0.28,0.92,7.51,34.00,HIT,0.31
574.70,1.99,-1.77,0.82,0.00,0.71,0.93,2.00,HIT,0.41
501.71,1.99,-6.36,0.70,0.21,0.81,4.86,16.00,HIT,-0.36
442.18,1.99,0.23,0.76,0.43,0.87,1.99,2.00,MISS,1.00
446.67,1.99,4.31,0.57,-0.26,0.90,6.74,16.00,MISS,0.64
522.65,1.99,3.02,0.70,0.85,0.86,7.41,31.00,BULLETHITBULLET,0.36
558.31,1.99,-0.00,0.79,0.65,0.84,0.00,2.00,HIT,0.46
550.34,1.99,1.84,0.69,0.18,0.86,7.78,17.00,MISS,-0.10
578.02,1.99,0.60,0.85,0.54,0.68,2.01,0.00,MISS,-0.71
495.65,1.99,2.51,0.69,0.20,0.92,7.60,15.00,MISS,0.78
522.08,1.99,4.12,0.70,-0.50,0.90,6.86,29.00,HIT,0.38
550.50,1.99,-3.40,0.72,0.63,0.83,7.24,10.00,MISS,-0.28
507.84,1.99,0.00,0.68,0.45,0.84,0.00,5.00,HIT,0.60
483.56,1.99,1.91,0.53,-0.04,0.92,7.77,21.00,MISS,0.72
536.29,1.99,0.00,0.70,0.60,0.84,0.00,1.00,MISS,0.76
543.12,1.99,0.31,0.70,0.58,0.89,7.99,15.00,BULLETHITBULLET,0.59
514.51,1.33,0.68,0.68,0.68,0.80,7.97,30.00,MISS,0.04
501.51,1.33,6.48,0.54,0.45,0.83,2.65,7.00,MISS,0.42
503.25,0.58,-0.00,0.79,0.06,0.57,0.00,9.00,HIT,-0.54
532.72,1.99,2.39,0.58,0.33,0.93,7.64,27.00,MISS,0.23
533.65,1.99,-0.00,0.85,0.07,0.68,0.00,9.00,MISS,-0.13
518.62,1.99,0.00,0.82,0.23,0.78,0.00,1.00,HIT,0.43
192.75,1.99,4.37,0.34,0.00,0.81,6.70,18.00,MISS,-0.22
217.24,1.99,5.99,0.37,0.00,0.80,5.30,9.00,MISS,0.35
321.73,1.99,3.81,0.67,0.48,0.69,1.22,0.00,MISS,-1.00
307.44,1.99,-2.25,0.44,-0.50,0.90,7.68,12.00,MISS,0.78
381.04,1.99,7.08,0.63,0.61,0.84,3.73,26.00,MISS,-0.63
458.80,1.56,-1.26,0.81,0.79,0.86,1.55,2.00,MISS,0.62
421.52,1.43,0.21,0.60,-0.49,0.91,8.00,17.00,MISS,-0.53
403.64,1.33,-3.90,0.65,0.08,0.92,5.81,7.00,MISS,0.28
346.87,1.23,1.16,0.68,0.43,0.90,3.83,4.00,MISS,1.00
431.79,1.15,5.38,0.62,0.57,0.90,5.92,18.00,MISS,0.64
484.95,0.35,3.61,0.60,0.46,0.90,7.14,31.00,MISS,0.12
505.02,0.34,0.00,0.82,0.68,0.82,0.00,2.00,MISS,-0.10
441.41,0.33,-5.39,0.68,0.12,0.75,1.16,0.00,MISS,-0.34
408.73,0.32,0.00,0.69,-0.10,0.71,0.00,8.00,MISS,0.31
443.92,0.31,0.00,0.81,0.31,0.81,0.00,3.00,BULLETHITBULLET,-0.54
465.71,0.30,-0.09,0.72,0.06,0.92,4.00,15.00,MISS,1.00
479.57,0.30,0.42,0.62,0.44,0.96,7.99,26.00,MISS,0.27
490.82,0.29,1.18,0.67,1.00,0.94,5.88,0.00,MISS,-0.73
507.78,0.28,-1.25,0.62,0.35,0.95,7.90,8.00,MISS,0.18
535.96,0.27,-1.89,0.67,0.25,0.93,6.74,12.00,BULLETHITBULLET,0.44
521.59,0.27,0.00,0.79,-0.73,0.84,0.00,1.00,MISS,0.45
551.29,0.26,0.00,0.82,0.45,0.83,0.00,2.00,MISS,-0.61
576.64,0.25,-0.13,0.82,-0.02,0.83,2.00,16.00,MISS,0.74
580.43,0.25,-0.50,0.67,-0.38,0.69,7.98,27.00,HIT,0.27
591.06,0.24,-0.00,0.40,0.74,0.84,0.00,1.00,HIT,0.79
597.58,0.24,-0.20,0.43,0.41,0.95,3.99,12.00,MISS,1.00
608.70,0.10,-0.41,0.61,0.43,0.94,7.99,23.00,MISS,0.73
617.69,0.10,-0.40,0.68,0.69,0.92,7.99,34.00,MISS,0.37
618.72,0.10,-0.76,0.81,0.72,0.78,3.08,0.00,BULLETHITBULLET,0.51
621.60,0.10,-0.00,0.85,0.37,0.74,0.00,9.00,MISS,0.22
619.30,0.10,-0.00,0.83,-0.00,0.73,0.00,20.00,MISS,0.27
618.65,0.10,-0.00,0.83,-0.00,0.75,0.00,31.00,MISS,0.26
615.56,0.10,-0.00,0.85,0.27,0.62,0.00,0.00,HIT,0.38
571.38,0.10,-0.00,0.85,0.26,0.63,0.00,11.00,BULLETHITBULLET,0.31
505.81,0.10,-0.11,0.67,0.13,0.62,6.00,25.00,HIT,0.39
527.09,0.10,0.00,0.82,0.38,0.33,0.00,2.00,MISS,-0.50
548.13,0.10,0.00,0.82,0.38,0.41,0.00,13.00,MISS,-0.99
559.72,0.10,-1.38,0.53,-0.24,0.96,7.88,24.00,MISS,0.91
564.17,0.10,-1.36,0.64,-0.70,0.95,7.88,35.00,HIT,0.22
569.01,0.10,-1.35,0.64,0.83,0.89,7.89,47.00,MISS,-0.99
563.76,0.10,1.02,0.69,0.40,0.95,6.92,7.00,MISS,0.69
559.91,0.10,3.05,0.65,-0.63,0.94,7.39,18.00,MISS,0.04
566.35,0.10,-1.48,0.64,0.24,0.95,7.86,8.00,HIT,0.16
581.31,0.10,-0.00,0.84,0.21,0.82,0.00,2.00,BULLETHITBULLET,0.41
600.48,0.10,-0.00,0.84,0.21,0.78,0.00,13.00,HIT,0.26
628.50,0.10,0.00,0.84,0.24,0.68,0.00,0.00,MISS,-0.20
626.54,0.10,0.00,0.84,0.24,0.62,0.00,11.00,MISS,-0.31
626.20,0.10,-0.00,0.84,-0.00,0.57,0.00,22.00,MISS,-0.30
634.83,0.10,1.56,0.60,-0.24,0.96,7.85,33.00,MISS,0.14
638.42,0.10,-0.00,0.85,-0.30,0.73,0.00,7.00,MISS,-0.52
637.61,0.10,-0.00,0.85,0.06,0.75,0.00,18.00,MISS,-0.92
642.75,0.10,-0.39,0.72,-0.12,0.95,6.99,29.00,MISS,0.84
646.78,0.10,-0.42,0.68,-0.49,0.84,7.99,40.00,HIT,0.29
648.05,0.10,-0.30,0.68,-0.86,0.60,7.99,51.00,MISS,-0.65
627.80,0.10,0.11,0.31,0.85,0.89,2.00,2.00,MISS,1.00
593.28,0.14,2.08,0.60,-0.19,0.95,7.72,14.00,MISS,0.55
602.18,0.10,3.24,0.67,0.70,0.94,7.31,25.00,MISS,0.01
655.46,0.10,1.13,0.83,0.66,0.86,1.65,0.00,MISS,-0.39
616.18,0.10,-1.20,0.69,-0.38,0.90,4.77,0.00,MISS,-0.46
619.24,0.10,0.00,0.81,-0.39,0.85,0.00,9.00,MISS,0.83
614.08,0.10,-1.70,0.73,-0.14,0.92,6.79,21.00,MISS,0.68
595.32,0.13,-1.41,0.67,0.53,0.78,7.87,32.00,MISS,-0.03
575.92,0.10,-0.00,0.85,0.72,0.45,0.00,0.00,MISS,-0.94
572.78,0.10,0.96,0.55,0.22,0.97,7.94,11.00,MISS,0.85
586.89,0.10,1.95,0.65,-0.60,0.94,7.76,22.00,MISS,0.49
594.81,0.10,2.06,0.67,0.71,0.91,7.73,33.00,MISS,0.12
574.48,0.10,-4.62,0.72,0.50,0.82,1.90,5.00,MISS,0.13
534.19,0.10,-0.00,0.77,0.12,0.79,0.00,2.00,HIT,0.47
546.61,0.10,-0.00,0.80,0.09,0.82,0.00,13.00,MISS,0.49
541.33,0.10,3.10,0.63,0.38,0.94,7.38,26.00,MISS,0.31
545.70,0.10,0.00,0.82,0.49,0.82,0.00,6.00,MISS,0.46
529.17,0.10,0.00,0.77,0.14,0.88,3.00,17.00,MISS,0.41
503.79,0.10,-0.08,0.79,0.46,0.78,2.43,0.00,BULLETHITBULLET,0.44
486.45,0.10,-0.00,0.81,0.43,0.70,0.00,10.00,MISS,-1.00
511.05,0.10,2.73,0.63,-0.61,0.96,7.52,27.00,MISS,0.35
521.52,0.10,-1.00,0.80,0.37,0.87,1.14,1.00,MISS,0.05
460.47,0.10,-0.00,0.76,0.05,0.76,-0.00,1.00,MISS,-0.27
478.83,0.10,-0.00,0.78,0.05,0.80,-0.00,12.00,MISS,-0.84
483.76,0.10,0.65,0.59,-0.22,0.95,7.97,23.00,MISS,0.59
509.37,0.10,5.84,0.64,-0.74,0.90,5.47,34.00,MISS,0.35
487.69,0.10,1.27,0.76,0.47,0.89,1.55,6.00,MISS,0.28
477.89,0.10,0.00,0.82,0.35,0.82,-0.00,1.00,HIT,-0.27
435.52,1.99,-6.86,0.69,0.00,0.44,1.40,15.00,HIT,0.19
363.85,1.99,-6.59,0.60,0.28,0.82,4.54,30.00,MISS,-0.04
299.44,1.99,-8.00,0.57,0.07,0.62,0.17,44.00,MISS,-0.83
226.86,1.99,-0.18,0.67,0.00,0.80,1.99,0.00,MISS,-1.00
287.00,1.99,2.94,0.50,-0.79,0.89,7.44,13.00,BULLETHITBULLET,0.95
342.81,1.99,0.46,0.74,0.74,0.87,2.96,0.00,MISS,-0.33
316.99,1.99,0.00,0.75,0.01,0.77,-0.00,12.00,MISS,-0.83
356.85,1.99,0.72,0.59,-0.49,0.92,7.97,26.00,MISS,-0.31
396.12,1.99,0.40,0.71,0.25,0.91,3.98,4.00,MISS,1.00
425.61,1.99,4.54,0.64,0.46,0.90,6.59,18.00,MISS,0.54
554.12,1.99,0.57,0.60,0.69,0.88,2.82,3.00,BULLETHITBULLET,0.99
477.57,1.99,5.14,0.69,0.94,0.81,6.13,33.00,MISS,-0.33
537.99,1.99,4.01,0.71,-0.16,0.93,6.92,18.00,MISS,0.67
550.68,1.99,-1.78,0.72,0.28,0.86,7.80,13.00,MISS,0.24
487.35,1.99,-1.71,0.68,0.63,0.73,7.82,27.00,MISS,-0.24
490.77,1.99,4.77,0.51,0.27,0.90,5.83,0.00,MISS,0.45
472.05,1.99,-0.00,0.49,-0.19,0.83,-0.00,10.00,MISS,0.79
482.81,1.99,2.77,0.53,0.22,0.91,7.51,24.00,MISS,0.13
517.57,1.99,3.50,0.68,0.65,0.89,7.19,38.00,MISS,-0.70
517.33,1.99,1.52,0.69,0.37,0.84,7.85,8.00,MISS,0.19
564.43,1.99,3.94,0.72,-0.48,0.69,6.96,22.00,MISS,-0.63
593.24,1.99,-2.70,0.59,0.49,0.93,5.36,6.00,MISS,0.42
543.52,1.99,-0.58,0.67,-0.36,0.86,7.98,21.00,MISS,-0.04
600.69,1.99,5.34,0.70,0.50,0.78,5.95,9.00,MISS,0.70
633.85,1.99,0.00,0.69,0.03,0.84,-0.00,2.00,MISS,-0.58
578.06,0.11,-2.24,0.66,0.31,0.84,7.68,17.00,MISS,0.54
582.01,0.11,-0.05,0.66,0.60,0.60,8.00,28.00,MISS,-0.43
602.85,0.10,0.00,0.46,-0.62,0.84,-0.00,4.00,MISS,0.90
602.55,0.10,-2.47,0.60,-0.23,0.95,7.61,19.00,BULLETHITBULLET,0.50
593.61,0.19,-2.50,0.67,0.74,0.95,7.60,30.00,MISS,0.16
579.83,0.18,-2.34,0.65,0.36,0.83,7.65,41.00,MISS,-0.25
595.36,0.36,6.38,0.64,0.33,0.90,4.83,8.00,MISS,0.43
649.59,0.10,0.00,0.79,-0.25,0.80,-0.00,1.00,MISS,-0.49
663.38,0.56,0.85,0.77,0.15,0.86,1.81,14.00,MISS,0.41
657.63,0.52,-1.58,0.70,-0.38,0.75,7.84,26.00,MISS,-0.13
654.73,0.49,-0.00,0.65,0.41,0.86,-0.00,6.00,MISS,0.62
641.97,0.43,1.38,0.59,0.21,0.96,7.88,29.00,BULLETHITBULLET,0.57
660.28,0.45,-0.00,0.65,0.11,0.86,-0.00,18.00,MISS,0.67
660.23,0.40,2.09,0.72,0.56,0.92,7.72,40.00,MISS,0.51
659.90,0.38,-0.00,0.87,0.67,0.80,-0.00,6.00,MISS,0.47
635.27,0.10,-1.68,0.73,0.22,0.83,6.80,17.00,MISS,0.30
590.30,0.35,0.00,0.85,0.47,0.57,-0.00,0.00,HIT,-0.33
575.03,0.33,0.00,0.83,0.37,0.51,-0.00,11.00,MISS,-0.94
573.35,0.32,-1.23,0.57,-0.19,0.97,7.91,23.00,MISS,1.00
569.57,0.18,-1.15,0.66,-0.64,0.96,7.92,34.00,MISS,0.68
572.22,0.18,1.12,0.66,0.80,0.86,7.92,47.00,MISS,0.24
616.26,0.10,0.00,0.70,0.68,0.82,-0.00,1.00,HIT,-0.25
627.64,0.10,0.00,0.70,0.24,0.77,-0.00,12.00,MISS,-0.36
618.80,0.10,0.00,0.76,-0.00,0.80,0.00,23.00,MISS,-0.33
637.35,0.10,2.36,0.69,-0.25,0.76,7.64,36.00,MISS,-0.11
614.03,0.10,-0.00,0.60,-0.33,0.86,-0.00,5.00,HIT,0.47
534.94,1.99,0.00,0.85,0.00,0.01,0.00,1.00,MISS,-0.91
520.98,1.99,-2.99,0.22,-0.24,0.94,7.42,15.00,MISS,0.76
505.82,1.99,-3.06,0.57,-0.66,0.92,7.39,29.00,MISS,0.38
516.43,1.99,0.00,0.77,0.75,0.82,2.89,0.00,MISS,-0.40
547.21,1.99,1.78,0.72,-0.37,0.90,7.80,32.00,BULLETHITBULLET,0.99
543.57,1.99,0.00,0.77,0.39,0.82,0.00,12.00,MISS,0.44
552.67,1.99,0.00,0.85,0.44,0.82,0.00,8.00,BULLETHITBULLET,0.59
562.25,1.99,-1.39,0.70,-0.22,0.87,7.88,24.00,MISS,0.33
589.88,1.99,1.73,0.74,0.41,0.66,7.81,39.00,HIT,-0.55
622.62,1.99,-2.31,0.57,0.57,0.89,3.27,4.00,BULLETHITBULLET,0.24
588.56,1.99,-2.44,0.66,-0.23,0.85,7.62,19.00,MISS,-0.27
596.20,1.99,0.78,0.80,0.64,0.80,3.92,0.00,MISS,-0.70
566.41,1.99,-2.61,0.72,0.04,0.78,7.56,15.00,MISS,-0.06
557.51,1.99,-0.28,0.71,-0.71,0.55,8.00,29.00,MISS,-1.00
563.17,1.99,-3.10,0.59,0.23,0.91,7.38,11.00,MISS,0.82
530.68,1.99,-2.55,0.70,-0.71,0.78,7.58,26.00,MISS,0.43
566.72,1.99,0.00,0.85,0.55,0.37,0.00,7.00,MISS,-0.66
524.86,1.99,1.41,0.48,-0.14,0.93,7.88,21.00,MISS,0.78
551.56,1.99,-0.00,0.85,-0.56,0.75,0.00,1.00,MISS,-0.69
526.28,1.99,-2.22,0.70,0.53,0.84,7.69,15.00,MISS,0.24
479.66,1.99,-2.08,0.69,-0.61,0.71,7.73,29.00,MISS,-0.70
463.38,1.99,0.30,0.53,0.46,0.94,6.99,7.00,MISS,0.20
507.37,1.99,3.89,0.67,-0.57,0.90,6.99,22.00,MISS,-0.42
517.51,0.14,1.02,0.62,0.30,0.90,7.93,12.00,MISS,-0.07
533.33,0.14,-0.00,0.68,-0.51,0.84,0.00,1.00,MISS,0.94
548.80,0.14,0.85,0.62,0.12,0.97,7.95,13.00,MISS,1.00
573.25,0.14,0.86,0.66,0.66,0.92,7.95,24.00,MISS,0.77
594.20,0.13,0.87,0.67,0.73,0.76,7.95,35.00,MISS,0.47
552.91,0.18,-0.61,0.79,0.76,0.37,3.04,0.00,MISS,-0.19
547.76,0.17,-0.00,0.85,0.47,0.32,0.00,10.00,HIT,-0.54
533.26,0.31,0.03,0.32,-0.03,0.93,3.00,22.00,MISS,1.00
548.75,0.67,0.48,0.61,-0.43,0.95,7.99,33.00,MISS,0.42
559.39,0.70,0.53,0.68,0.82,0.92,7.98,46.00,MISS,-0.59
555.73,0.64,-0.02,0.70,0.52,0.94,7.00,7.00,MISS,0.65
566.04,0.59,1.47,0.68,-0.41,0.81,7.86,19.00,MISS,-0.14
598.63,0.55,-0.00,0.84,0.76,0.60,-0.00,0.00,BULLETHITBULLET,-0.32
609.16,0.51,-0.00,0.86,0.00,0.79,0.00,1.00,MISS,-0.52
606.79,0.18,-1.03,0.74,-0.06,0.95,4.89,14.00,MISS,0.42
582.29,0.18,-0.86,0.65,-0.46,0.90,7.95,26.00,BULLETHITBULLET,0.23
553.45,0.18,0.00,0.79,0.44,0.83,0.00,6.00,MISS,0.87
541.05,0.18,0.89,0.67,-0.08,0.94,6.94,18.00,MISS,0.87
565.33,0.18,2.88,0.67,0.59,0.90,7.47,29.00,HIT,0.30
590.40,0.18,3.32,0.67,0.75,0.76,7.28,40.00,MISS,-0.81
601.21,0.10,-0.52,0.58,0.41,0.95,5.98,6.00,BULLETHITBULLET,0.64
611.26,0.10,-0.61,0.66,-0.44,0.94,7.98,17.00,MISS,0.23
612.48,0.10,0.68,0.69,0.43,0.83,7.97,30.00,MISS,-0.51
615.90,0.10,-1.29,0.70,0.46,0.96,5.86,6.00,MISS,0.45
608.78,0.10,0.02,0.82,-0.51,0.82,1.28,0.00,MISS,0.46
625.64,0.10,0.00,0.84,0.39,0.83,0.00,10.00,HIT,0.46
239.80,1.99,-1.68,0.64,0.00,0.89,3.28,4.00,MISS,1.00
307.57,1.99,4.34,0.46,0.80,0.84,6.72,18.00,MISS,-0.52
422.47,1.99,0.39,0.64,0.23,0.91,3.98,4.00,MISS,0.65
479.33,1.99,1.93,0.69,0.60,0.86,7.76,24.00,MISS,-0.27
487.16,1.99,0.00,0.79,0.05,0.82,-0.00,9.00,BULLETHITBULLET,0.60
510.15,1.99,1.17,0.67,-0.04,0.89,5.88,24.00,HIT,0.37
576.32,1.99,4.32,0.70,0.53,0.74,6.74,38.00,MISS,-0.43
629.35,1.99,-2.71,0.62,0.56,0.89,3.87,5.00,MISS,0.48
581.84,1.99,-3.75,0.70,-0.20,0.79,7.07,20.00,MISS,0.17
548.94,1.99,0.83,0.62,0.62,0.84,0.56,1.00,HIT,0.47
643.76,1.99,-0.00,0.70,0.17,0.78,-0.00,1.00,MISS,0.72
662.63,1.99,-0.40,0.69,0.20,0.78,5.99,17.00,MISS,0.46
613.99,1.99,-5.22,0.74,0.41,0.59,6.06,31.00,HIT,-0.33
512.56,1.99,-0.19,0.38,0.63,0.88,1.99,2.00,HIT,0.98
508.90,1.99,-2.00,0.60,-0.09,0.93,7.74,16.00,HIT,0.57
723.46,1.99,-2.62,0.31,0.00,0.90,1.47,12.00,BULLETHITBULLET,0.78
681.25,1.99,-4.51,0.52,0.25,0.92,6.61,27.00,MISS,0.09
630.15,1.99,-4.69,0.69,0.55,0.85,6.48,41.00,MISS,-0.38
548.45,1.99,4.24,0.68,0.26,0.90,6.78,9.00,MISS,0.56
540.82,1.99,0.00,0.76,-0.23,0.83,0.00,3.00,MISS,0.76
532.04,1.99,-2.32,0.64,0.30,0.92,7.66,17.00,BULLETHITBULLET,0.57
516.44,1.99,-3.06,0.69,0.57,0.89,7.39,31.00,MISS,-0.61
528.25,1.99,1.36,0.67,0.11,0.91,5.03,5.00,HIT,0.65
589.46,1.99,4.94,0.56,-0.40,0.89,6.29,20.00,MISS,0.29
634.74,1.99,0.18,0.64,0.65,0.84,4.74,0.00,MISS,0.34
648.81,1.99,-0.00,0.84,0.29,0.61,0.00,11.00,MISS,-0.71
633.59,1.99,-1.17,0.66,0.07,0.88,5.88,29.00,MISS,0.72
595.83,1.99,-1.55,0.73,-0.40,0.76,7.85,43.00,MISS,0.49
552.11,1.99,-0.30,0.79,0.62,0.61,3.98,1.00,MISS,0.04
563.51,1.99,-0.00,0.47,0.72,0.83,0.00,6.00,HIT,0.58
585.76,1.99,-0.00,0.57,0.49,0.82,0.00,20.00,HIT,0.58
579.50,1.99,-2.20,0.63,0.20,0.93,7.69,34.00,MISS,0.24
499.74,1.99,-0.50,0.81,0.68,0.85,2.76,0.00,MISS,-0.46
500.55,1.99,6.77,0.70,0.26,0.84,2.98,0.00,MISS,0.59
510.58,1.99,-0.00,0.82,-0.20,0.82,0.00,10.00,MISS,-0.70
537.99,1.99,-2.66,0.71,0.32,0.87,7.55,24.00,MISS,-0.07
520.62,1.99,-1.11,0.81,-0.76,0.77,2.64,0.00,BULLETHITBULLET,-0.53
531.37,1.99,3.86,0.53,0.15,0.92,7.01,12.00,MISS,0.85
595.02,1.99,6.00,0.55,-0.65,0.87,5.30,26.00,HIT,0.46
351.77,1.99,-5.21,0.58,0.00,0.91,6.07,26.00,MISS,0.12
329.68,1.99,-0.54,0.74,0.37,0.84,1.93,2.00,MISS,0.49
355.70,1.99,-0.23,0.72,0.59,0.86,1.99,2.00,HIT,0.95
393.69,1.99,2.13,0.63,0.57,0.93,7.71,17.00,HIT,0.30
439.22,1.99,0.00,0.82,0.34,0.73,0.00,1.00,MISS,-0.70
475.17,1.99,0.94,0.62,-0.07,0.90,4.91,16.00,MISS,0.67
545.54,1.99,4.48,0.68,-0.56,0.87,6.63,30.00,MISS,0.26
603.98,1.99,-1.00,0.74,0.64,0.81,0.07,1.00,MISS,0.17
582.74,1.99,-0.00,0.79,0.26,0.83,-0.00,3.00,MISS,0.27
600.02,1.99,-0.00,0.71,-0.08,0.82,-0.00,17.00,MISS,0.34
641.41,1.99,-0.00,0.72,0.27,0.76,-0.00,2.00,HIT,0.44
657.80,1.99,-0.00,0.70,0.25,0.77,-0.00,16.00,MISS,0.44
669.52,1.99,1.19,0.71,0.20,0.79,7.91,30.00,MISS,0.35
658.69,1.99,-0.00,0.82,0.37,0.66,-0.00,5.00,MISS,0.25
637.67,1.99,-0.19,0.81,0.35,0.62,0.98,19.00,MISS,0.07
598.53,1.99,0.00,0.85,0.35,0.47,-0.00,1.00,MISS,-0.37
612.07,1.99,0.00,0.85,0.25,0.53,-0.00,15.00,MISS,-0.36
623.02,1.99,-2.70,0.57,0.10,0.90,7.53,29.00,MISS,0.53
616.86,1.99,-0.00,0.81,-0.37,0.79,-0.00,1.00,MISS,-0.52
593.46,1.99,-0.00,0.81,-0.36,0.83,-0.00,15.00,MISS,-0.35
539.66,1.99,-0.50,0.71,0.46,0.75,7.98,29.00,MISS,-0.20
565.78,1.99,0.00,0.55,-0.52,0.85,-0.00,2.00,HIT,0.46
587.10,1.99,-0.59,0.62,-0.37,0.89,7.98,16.00,HIT,0.57
161.66,1.99,6.18,0.18,0.00,0.85,5.08,7.00,MISS,1.00
207.89,1.99,-2.40,0.32,0.00,0.89,7.63,24.00,BULLETHITBULLET,0.72
204.41,1.99,1.01,0.43,0.00,0.89,5.91,6.00,HIT,0.60
267.08,1.99,7.27,0.51,0.64,0.78,3.34,20.00,MISS,-0.86
328.28,1.99,7.78,0.58,-0.02,0.75,1.87,34.00,MISS,0.63
438.83,1.99,1.62,0.67,-0.79,0.89,7.52,0.00,HIT,0.61
414.14,1.99,-4.09,0.69,0.15,0.88,5.68,11.00,MISS,0.34
359.87,1.99,-2.03,0.59,0.54,0.92,7.74,15.00,BULLETHITBULLET,0.56
367.88,1.99,-0.21,0.63,0.53,0.77,1.03,1.00,MISS,1.00
406.23,1.99,4.82,0.65,1.00,0.90,6.38,30.00,MISS,-0.66
414.25,1.99,-0.82,0.73,0.07,0.91,4.93,6.00,HIT,0.64
422.88,1.99,-0.07,0.65,-0.56,0.86,8.00,20.00,MISS,-0.30
396.72,1.99,-1.79,0.65,0.19,0.93,5.73,6.00,MISS,0.78
367.89,1.99,1.53,0.61,0.50,0.93,7.85,20.00,MISS,0.03
401.16,1.99,0.00,0.75,0.78,0.75,-0.00,2.00,MISS,0.86
411.72,1.99,5.35,0.64,0.15,0.90,5.95,16.00,MISS,0.76
466.27,1.99,4.42,0.68,0.58,0.91,6.67,30.00,HIT,0.38
436.13,1.99,-1.42,0.77,0.75,0.86,3.59,0.00,BULLETHITBULLET,-0.48
463.57,1.99,-0.30,0.77,0.41,0.90,2.99,12.00,MISS,0.90
437.80,1.99,-4.36,0.67,0.39,0.91,6.71,26.00,MISS,0.48
375.63,1.56,0.00,0.70,0.48,0.79,0.00,0.00,MISS,0.46
436.00,0.10,5.66,0.57,0.46,0.89,5.65,30.00,BULLETHITBULLET,0.32
384.65,0.81,2.44,0.60,0.13,0.94,5.48,18.00,MISS,0.98
467.05,0.10,2.58,0.57,0.83,0.93,7.57,41.00,BULLETHITBULLET,0.31
431.25,0.10,-0.00,0.78,0.18,0.76,0.00,5.00,MISS,-0.75
415.60,1.99,2.45,0.69,-0.10,0.91,4.36,16.00,MISS,0.33
495.00,1.99,4.13,0.69,0.36,0.85,6.85,30.00,MISS,-0.55
524.03,1.99,-1.99,0.68,0.41,0.90,7.75,8.00,HIT,0.24
267.62,1.99,0.37,0.49,0.00,0.93,7.99,24.00,MISS,1.00
292.88,1.99,1.09,0.49,0.73,0.90,7.92,38.00,MISS,0.01
349.39,1.99,-3.47,0.67,0.27,0.90,3.60,5.00,MISS,0.90
294.11,1.99,-2.64,0.48,0.52,0.90,7.55,19.00,BULLETHITBULLET,0.57
324.85,1.99,-0.00,0.77,0.48,0.76,0.00,1.00,MISS,0.28
363.56,1.99,-0.00,0.78,0.12,0.80,-0.00,2.00,MISS,0.77
358.25,1.99,2.23,0.59,0.24,0.91,7.68,17.00,HIT,0.29
397.39,1.99,-1.02,0.74,0.45,0.89,2.82,3.00,MISS,0.56
405.89,1.99,0.87,0.65,0.48,0.93,7.95,17.00,MISS,-0.52
368.44,1.99,-2.31,0.66,0.05,0.93,6.61,7.00,MISS,0.85
356.44,1.99,2.68,0.59,0.58,0.86,7.54,22.00,MISS,-0.04
419.89,1.99,0.54,0.82,0.85,0.64,0.24,0.00,MISS,-0.99
424.19,1.99,2.73,0.65,-0.40,0.92,7.52,15.00,MISS,0.63
456.29,1.99,4.12,0.66,-0.92,0.91,6.86,29.00,MISS,0.24
460.31,1.99,0.00,0.81,0.63,0.82,-0.00,1.00,MISS,0.02
462.36,1.99,-4.97,0.74,0.23,0.79,0.54,16.00,MISS,-0.33
396.92,1.99,0.00,0.82,-0.06,0.80,0.00,4.00,MISS,-0.89
418.51,1.99,5.10,0.60,-0.37,0.86,6.16,22.00,MISS,0.71
517.45,1.99,4.20,0.71,0.40,0.73,6.81,38.00,MISS,-0.08
493.33,0.38,0.00,0.52,0.71,0.83,0.00,1.00,MISS,0.65
502.43,0.36,0.47,0.50,0.28,0.93,4.98,15.00,BULLETHITBULLET,0.97
531.33,0.35,0.76,0.57,0.53,0.97,7.96,26.00,MISS,0.68
559.94,0.34,0.79,0.66,0.79,0.94,7.96,37.00,HIT,0.23
547.71,0.33,-0.00,0.82,0.68,0.82,0.00,0.00,HIT,-0.35
488.26,0.10,-0.00,0.80,0.31,0.79,0.00,11.00,MISS,-0.80
464.31,0.10,2.11,0.58,-0.26,0.94,7.72,27.00,HIT,0.29
509.64,0.10,2.16,0.60,0.44,0.93,7.70,38.00,MISS,-0.95
537.01,0.10,1.62,0.71,0.47,0.90,4.73,5.00,HIT,0.67
585.19,0.10,4.96,0.65,-0.68,0.92,6.28,18.00,MISS,-0.30
648.31,0.10,4.49,0.74,0.76,0.86,3.72,0.00,MISS,-0.79
647.18,0.10,-2.44,0.68,0.15,0.85,7.62,8.00,MISS,0.53
635.97,0.10,-0.83,0.69,-0.60,0.71,7.96,19.00,MISS,-0.21
652.17,0.10,-0.00,0.65,0.54,0.86,0.00,3.00,MISS,0.70
664.78,0.10,-1.31,0.69,0.16,0.91,2.70,14.00,MISS,0.70
631.72,0.10,-2.37,0.66,0.35,0.97,7.64,25.00,MISS,0.55
615.49,0.10,-0.00,0.85,0.70,0.81,0.00,0.00,MISS,0.29
617.25,0.10,0.90,0.82,0.41,0.82,2.86,11.00,MISS,0.25
650.60,0.10,0.25,0.88,0.29,0.73,0.37,0.00,MISS,0.30
659.01,0.10,0.00,0.86,0.25,0.73,0.00,10.00,MISS,0.50
665.83,0.10,0.00,0.85,-0.00,0.73,0.00,21.00,MISS,0.49
666.33,0.10,0.80,0.69,0.26,0.68,7.96,32.00,HIT,0.19
656.90,0.10,0.00,0.86,0.49,0.44,0.00,4.00,MISS,-0.27
659.81,0.10,0.00,0.85,0.27,0.45,0.00,15.00,HIT,-0.33
658.46,0.10,0.47,0.44,-0.09,0.95,5.98,26.00,MISS,0.17
664.44,0.10,-0.00,0.85,-0.27,0.60,0.00,2.00,HIT,-0.27
664.65,0.10,-0.00,0.85,0.16,0.62,0.00,13.00,MISS,-0.69
672.42,0.10,-0.00,0.87,0.16,0.64,0.00,24.00,MISS,-0.85
676.35,0.10,-1.44,0.67,-0.29,0.93,7.87,36.00,MISS,0.46
674.61,0.10,-1.27,0.71,-0.68,0.82,7.90,48.00,MISS,-0.37
670.21,0.10,0.00,0.68,0.53,0.87,0.00,4.00,MISS,0.71
660.94,0.10,-0.39,0.69,0.07,0.95,6.99,15.00,MISS,0.51
646.95,0.10,-0.24,0.68,0.48,0.90,8.00,26.00,MISS,-0.15
628.00,0.10,-0.00,0.84,0.71,0.74,0.00,1.00,MISS,-0.79
619.19,0.10,0.49,0.73,0.53,0.92,2.96,12.00,MISS,0.89
649.64,0.10,3.27,0.70,-0.38,0.92,7.30,23.00,HIT,0.30
615.23,1.99,0.00,0.38,0.00,0.79,-0.00,22.00,MISS,0.47
588.41,1.99,-6.84,0.43,0.07,0.87,4.16,36.00,MISS,0.68
509.95,1.99,-7.05,0.60,0.33,0.88,3.77,50.00,MISS,0.82
442.13,1.99,-4.50,0.51,0.61,0.93,6.62,65.00,HIT,0.43
411.79,1.99,-4.61,0.65,0.43,0.91,6.54,79.00,MISS,-0.67
435.47,1.99,3.29,0.63,-0.56,0.91,7.29,18.00,BULLETHITBULLET,0.58
467.16,1.99,4.79,0.68,-0.00,0.73,6.41,8.00,MISS,-0.62
498.70,1.99,-0.00,0.76,0.09,0.68,-0.00,9.00,MISS,-0.92
515.22,1.99,2.58,0.69,-0.42,0.87,7.57,26.00,MISS,0.39
601.99,1.99,0.00,0.71,-0.92,0.84,-0.00,1.00,MISS,0.27
609.25,1.99,0.00,0.76,0.39,0.85,-0.00,15.00,HIT,0.60
580.96,1.12,0.00,0.72,-0.00,0.86,-0.00,30.00,MISS,1.00
580.63,1.05,2.33,0.68,0.27,0.91,7.65,44.00,MISS,0.81
650.53,0.10,4.56,0.65,0.82,0.79,6.57,60.00,HIT,0.36
684.02,0.10,1.64,0.70,0.71,0.69,7.83,71.00,HIT,0.19
656.72,0.10,0.00,0.86,0.81,0.51,-0.00,5.00,HIT,-0.27
634.52,0.10,0.00,0.86,0.47,0.43,-0.00,16.00,MISS,-0.75
627.76,0.10,-0.01,0.39,0.11,0.91,3.00,27.00,HIT,0.95
630.80,1.99,0.71,0.48,-0.37,0.90,7.97,38.00,MISS,0.21
651.84,1.99,2.16,0.66,0.78,0.81,7.70,52.00,MISS,-0.55
657.16,1.99,-0.26,0.63,0.53,0.82,0.97,1.00,MISS,0.56
644.26,1.99,-0.01,0.70,0.27,0.77,8.00,16.00,MISS,-0.15
634.03,1.99,0.39,0.75,-0.49,0.58,7.99,30.00,MISS,-0.93
625.21,1.99,-1.12,0.51,0.61,0.90,7.92,8.00,MISS,0.89
629.82,1.99,1.42,0.67,-0.06,0.83,7.87,22.00,MISS,0.59
648.61,1.99,1.84,0.75,-0.85,0.70,7.79,36.00,MISS,0.12
648.55,1.99,-0.00,0.61,0.89,0.86,-0.00,1.00,HIT,0.47
624.19,1.99,-0.00,0.56,0.59,0.85,-0.00,15.00,MISS,0.49
604.21,1.99,1.33,0.47,0.20,0.94,6.87,29.00,MISS,0.09
639.98,1.94,3.56,0.59,0.44,0.84,7.17,44.00,MISS,-0.62
648.24,0.65,-0.00,0.80,0.52,0.84,-0.00,8.00,MISS,-0.69
655.49,0.55,0.75,0.70,0.20,0.77,7.96,20.00,MISS,0.22
699.38,0.50,0.29,0.86,-0.62,0.66,0.69,0.00,MISS,-0.57
688.38,0.45,-1.08,0.70,0.40,0.90,1.68,14.00,MISS,0.87
652.83,0.40,-3.29,0.67,-0.30,0.95,7.29,26.00,HIT,0.50
376.79,1.99,4.97,0.71,0.00,0.74,0.53,5.00,MISS,0.39
498.79,1.99,1.90,0.81,0.01,0.73,0.62,0.00,HIT,-0.71
466.18,1.99,-1.24,0.65,-0.34,0.90,7.90,15.00,HIT,0.59
493.30,1.99,4.88,0.69,0.46,0.75,6.34,30.00,MISS,-0.35
589.70,1.99,7.76,0.75,0.65,0.49,1.94,44.00,MISS,-0.94
615.60,1.99,-1.56,0.48,0.10,0.91,6.82,7.00,MISS,0.87
632.04,1.99,2.57,0.67,-0.32,0.85,7.57,21.00,HIT,0.57
645.28,1.99,2.53,0.75,-0.81,0.66,7.59,35.00,MISS,0.35
633.51,1.99,-2.37,0.79,0.86,0.53,5.45,0.00,MISS,-0.39
629.83,1.99,-0.00,0.49,0.62,0.87,-0.00,12.00,MISS,0.78
641.53,1.99,-0.21,0.51,0.39,0.91,3.99,27.00,MISS,0.87
641.17,1.99,-1.45,0.63,-0.37,0.89,7.87,41.00,HIT,0.57
611.54,1.99,-1.36,0.73,0.68,0.74,7.88,55.00,HIT,0.29
292.65,1.99,-0.15,0.23,0.00,0.85,4.00,4.00,HIT,1.00
301.96,1.99,-0.21,0.52,0.69,0.91,8.00,18.00,MISS,1.00
341.51,1.99,-1.12,0.58,0.65,0.93,7.92,32.00,MISS,1.00
354.03,1.99,-1.92,0.60,0.59,0.90,7.77,46.00,HIT,0.50
375.82,1.99,-0.00,0.75,0.44,0.79,-0.00,0.00,MISS,0.55
416.04,1.99,0.75,0.65,0.03,0.88,2.90,15.00,MISS,0.87
496.33,1.99,5.08,0.61,0.41,0.89,6.18,29.00,MISS,0.37
581.47,1.99,0.00,0.82,0.87,0.74,-0.00,2.00,HIT,0.46
569.07,1.99,0.00,0.84,0.37,0.69,-0.00,16.00,HIT,0.44
553.50,1.99,-2.24,0.72,0.20,0.71,7.68,31.00,MISS,-0.19
516.94,1.99,0.00,0.83,0.53,0.53,-0.00,5.00,MISS,-0.97
540.28,1.99,0.56,0.58,0.01,0.93,7.98,21.00,MISS,0.82
579.10,1.99,0.64,0.73,-0.72,0.78,7.97,38.00,MISS,0.35
532.85,1.99,-0.98,0.72,0.76,0.51,7.94,12.00,MISS,-0.48
532.62,1.99,-0.00,0.46,0.48,0.85,-0.00,8.00,MISS,0.83
546.04,1.99,-1.94,0.56,-0.13,0.92,7.76,23.00,MISS,0.29
535.68,1.99,-1.93,0.69,0.60,0.83,7.76,37.00,MISS,-0.15
539.19,1.99,4.62,0.64,0.54,0.86,3.83,6.00,MISS,0.61
632.80,1.99,0.00,0.79,-0.10,0.73,-0.00,2.00,MISS,-0.49
635.47,1.99,0.84,0.74,0.40,0.87,7.96,17.00,HIT,0.29
620.97,1.99,0.00,0.71,-0.42,0.86,-0.00,3.00,MISS,-0.13
566.03,1.33,-6.20,0.75,0.27,0.68,3.24,20.00,MISS,-0.20
529.93,1.09,-0.00,0.62,-0.13,0.79,-0.00,7.00,HIT,0.61
582.76,0.29,-1.16,0.67,0.34,0.95,7.92,33.00,BULLETHITBULLET,0.17
517.61,1.99,2.54,0.79,0.00,0.55,3.09,0.00,MISS,0.10
470.25,1.99,-7.49,0.70,0.04,0.72,2.82,14.00,MISS,-0.41
437.10,1.99,0.24,0.79,0.15,0.88,1.99,2.00,HIT,0.45
414.64,1.99,-5.35,0.59,0.39,0.90,5.95,16.00,MISS,-0.77
434.05,1.99,3.19,0.68,0.03,0.90,6.23,7.00,MISS,0.47
533.87,1.99,5.76,0.68,-0.68,0.82,5.55,21.00,MISS,0.28
581.91,1.99,-0.00,0.79,0.47,0.75,-0.00,9.00,MISS,-0.50
590.39,1.99,-0.00,0.80,0.09,0.74,-0.00,23.00,MISS,-0.39
597.64,1.99,0.40,0.73,-0.29,0.69,7.99,37.00,MISS,-0.21
597.49,1.99,-0.00,0.48,-0.50,0.85,-0.00,4.00,HIT,0.80
590.93,1.99,-1.18,0.53,0.09,0.94,7.91,19.00,MISS,0.36
580.20,1.99,0.29,0.66,0.51,0.88,7.99,33.00,MISS,-0.46
573.30,1.99,-0.22,0.81,0.63,0.76,1.99,0.00,MISS,-0.97
579.12,1.99,2.38,0.67,0.41,0.86,7.64,13.00,MISS,0.66
625.01,1.99,4.71,0.73,-0.34,0.68,6.47,27.00,HIT,0.35
658.62,1.99,-0.46,0.84,-0.97,0.52,3.30,0.00,MISS,-0.36
646.11,1.99,-0.00,0.42,0.66,0.86,-0.00,13.00,MISS,0.73
643.18,1.99,-0.93,0.45,-0.12,0.92,7.95,33.00,MISS,0.58
619.38,1.99,1.28,0.69,0.51,0.89,7.90,49.00,MISS,0.23
622.12,1.99,-0.21,0.84,0.65,0.73,1.99,0.00,MISS,-0.32
633.56,1.99,0.00,0.81,0.58,0.62,-0.00,3.00,MISS,-0.44
628.84,1.99,0.00,0.82,0.23,0.56,-0.00,18.00,MISS,-0.48
670.84,1.56,3.07,0.63,-0.27,0.89,7.39,33.00,MISS,0.56
702.68,0.81,0.00,0.81,-0.44,0.85,-0.00,1.00,MISS,-0.69
683.49,0.10,0.00,0.81,-0.41,0.85,-0.00,13.00,MISS,-0.83
654.45,0.10,-3.25,0.70,0.38,0.83,7.31,24.00,HIT,0.48
451.05,1.99,-0.39,0.53,0.00,0.90,2.97,3.00,BULLETHITBULLET,0.45
457.41,1.99,0.32,0.66,0.42,0.92,7.99,17.00,MISS,0.15
496.11,1.99,3.61,0.78,0.20,0.79,1.72,4.00,MISS,0.24
567.32,1.99,0.00,0.72,0.16,0.80,-0.00,6.00,MISS,0.24
579.07,1.99,0.66,0.70,0.18,0.82,7.97,21.00,MISS,-0.15
595.54,1.99,-0.00,0.80,0.24,0.73,-0.00,10.00,MISS,-0.19
619.46,1.99,0.83,0.66,-0.01,0.82,5.94,25.00,MISS,0.38
645.04,1.99,0.00,0.77,-0.19,0.73,-0.00,7.00,MISS,-0.40
650.57,1.99,0.00,0.81,0.11,0.73,-0.00,21.00,MISS,-0.27
650.86,1.99,0.04,0.73,0.33,0.75,8.00,35.00,HIT,-0.22
632.84,1.99,-0.00,0.58,-0.40,0.86,-0.00,5.00,MISS,0.65
625.64,1.99,0.38,0.52,-0.31,0.92,5.99,21.00,MISS,0.26
634.86,1.99,1.17,0.69,0.40,0.79,7.91,35.00,MISS,-0.41
639.50,1.99,-0.00,0.83,0.65,0.59,-0.00,1.00,MISS,-0.65
647.26,1.99,1.41,0.63,0.37,0.85,7.87,15.00,HIT,0.57
692.91,1.99,3.80,0.74,-0.33,0.79,7.04,29.00,MISS,0.21
694.88,1.99,0.43,0.82,-0.60,0.78,1.95,10.00,MISS,-0.07
677.27,1.99,-0.00,0.68,0.52,0.86,-0.00,3.00,HIT,0.47
644.66,1.99,-0.00,0.62,0.21,0.85,-0.00,17.00,MISS,0.56
635.84,1.99,0.46,0.57,0.10,0.90,5.98,31.00,MISS,0.67
668.42,1.99,3.71,0.64,0.44,0.78,7.09,48.00,MISS,0.45
692.39,1.99,-0.00,0.73,0.55,0.73,-0.00,8.00,MISS,0.25
702.49,1.99,0.60,0.74,0.34,0.76,7.98,22.00,HIT,-0.22
412.61,1.99,1.77,0.64,0.00,0.92,7.80,25.00,MISS,0.68
429.73,1.99,1.67,0.64,0.50,0.91,7.82,40.00,MISS,0.62
409.68,1.99,0.00,0.82,0.67,0.82,-0.00,7.00,MISS,-0.87
445.98,1.99,2.33,0.65,0.59,0.71,7.65,23.00,MISS,-0.34
508.99,1.99,-0.42,0.51,-0.88,0.87,1.11,1.00,MISS,0.66
495.56,1.99,-1.01,0.62,-0.08,0.93,7.94,15.00,MISS,0.05
519.49,1.99,1.86,0.76,0.71,0.85,2.36,3.00,MISS,0.16
611.48,1.99,0.00,0.72,0.05,0.80,-0.00,1.00,MISS,0.05
592.09,1.99,-7.65,0.67,0.21,0.82,2.34,15.00,HIT,-0.33
571.35,1.99,0.00,0.73,0.05,0.79,-0.00,6.00,MISS,-0.46
597.48,1.99,1.06,0.80,0.04,0.71,1.69,20.00,MISS,0.28
589.18,1.99,-1.37,0.74,-0.38,0.53,7.88,34.00,MISS,-0.38
594.04,1.99,0.00,0.53,0.45,0.85,-0.00,8.00,MISS,0.41
606.14,1.99,-1.69,0.59,-0.09,0.91,7.82,22.00,HIT,0.58
611.96,0.10,0.00,0.82,-0.38,0.83,-0.00,1.00,MISS,0.59
618.01,0.10,0.00,0.85,0.40,0.85,-0.00,12.00,MISS,0.90
615.72,0.10,0.92,0.67,0.36,0.88,7.95,23.00,MISS,0.59
643.36,1.99,3.09,0.76,0.66,0.51,7.38,36.00,MISS,-0.36
689.35,1.99,-0.00,0.87,0.68,0.48,-0.00,4.00,MISS,-0.53
670.06,1.99,-2.55,0.57,-0.09,0.87,7.58,19.00,MISS,0.63
650.19,1.99,-0.00,0.74,-0.36,0.71,-0.00,2.00,MISS,-0.52
648.76,1.99,-0.42,0.70,0.30,0.75,6.99,19.00,MISS,0.52
669.34,1.99,1.70,0.75,-0.48,0.65,7.82,33.00,MISS,0.16
687.34,1.99,0.00,0.65,-0.52,0.85,-0.00,10.00,MISS,0.01
665.90,1.99,-0.00,0.59,0.52,0.86,-0.00,0.00,MISS,0.38
641.26,1.99,-0.00,0.49,0.16,0.85,-0.00,14.00,MISS,0.73
632.42,1.99,0.79,0.41,-0.06,0.93,4.94,32.00,MISS,0.78
657.91,1.99,2.61,0.58,0.36,0.86,7.56,46.00,HIT,0.51
600.15,1.99,-0.00,0.82,0.00,0.11,-0.00,17.00,MISS,-0.89
593.30,1.99,-3.82,0.30,-0.15,0.93,7.03,31.00,MISS,0.65
551.96,1.99,-3.24,0.54,-0.55,0.93,7.31,45.00,MISS,0.32
544.09,1.99,0.00,0.83,0.65,0.73,-0.00,2.00,MISS,-0.30
560.07,1.99,0.00,0.83,0.32,0.73,-0.00,17.00,MISS,-0.28
585.05,1.99,0.77,0.69,-0.13,0.80,7.96,32.00,MISS,-0.16
601.65,1.99,0.00,0.66,-0.29,0.82,-0.00,5.00,MISS,0.72
613.67,1.99,-0.61,0.65,0.12,0.86,4.96,22.00,MISS,0.61
619.07,1.99,-0.55,0.72,0.42,0.71,7.98,36.00,MISS,-0.04
621.49,1.99,-0.43,0.74,0.69,0.48,7.99,50.00,MISS,-0.86
609.58,1.99,-1.21,0.43,0.64,0.93,7.91,9.00,MISS,0.33
602.77,1.99,0.08,0.63,-0.49,0.88,8.00,23.00,MISS,-0.20
596.94,1.99,0.15,0.69,0.61,0.84,0.99,1.00,MISS,0.20
619.77,1.99,2.93,0.71,0.35,0.74,7.44,15.00,MISS,-0.51
667.52,1.99,-0.00,0.78,-0.20,0.69,-0.00,5.00,MISS,-0.65
645.07,1.99,-3.61,0.71,0.26,0.77,7.14,19.00,MISS,0.25
536.16,1.99,-3.31,0.72,-0.45,0.57,7.28,33.00,BULLETHITBULLET,-0.23
570.40,1.99,-0.00,0.66,0.25,0.84,-0.00,2.00,BULLETHITBULLET,0.47
522.16,1.99,2.34,0.49,-0.67,0.92,5.53,6.00,MISS,-0.27
618.08,1.99,3.44,0.74,0.01,0.60,7.22,19.00,MISS,-0.23
648.58,1.99,0.00,0.51,0.18,0.86,-0.00,6.00,MISS,0.32
652.00,1.99,-0.10,0.44,0.12,0.92,5.00,20.00,MISS,0.44
675.17,1.99,0.33,0.57,-0.23,0.84,1.11,0.00,MISS,0.61
659.02,1.99,-0.00,0.57,0.32,0.85,-0.00,13.00,HIT,0.74
661.16,1.99,0.22,0.64,0.40,0.87,8.00,29.00,MISS,0.22
667.34,1.99,1.23,0.75,0.47,0.79,7.90,43.00,HIT,-0.22
189.96,1.99,-0.15,0.28,0.00,0.90,8.00,16.00,BULLETHITBULLET,0.72
282.61,1.99,0.19,0.51,0.00,0.91,8.00,31.00,MISS,0.72
285.73,1.99,-0.35,0.71,0.74,0.83,1.97,2.00,HIT,0.50
248.44,1.99,-0.00,0.71,0.53,0.71,-0.00,0.00,MISS,-0.57
272.78,1.99,0.21,0.63,-0.63,0.83,1.99,2.00,HIT,0.42
339.22,1.99,-1.63,0.71,0.41,0.91,3.65,4.00,HIT,0.93
330.43,1.99,0.08,0.56,0.62,0.90,8.00,19.00,MISS,0.46
403.80,1.99,2.96,0.62,0.52,0.93,7.43,33.00,MISS,-0.95
427.66,1.99,3.05,0.64,-0.06,0.90,7.39,8.00,BULLETHITBULLET,0.52
483.15,1.99,4.06,0.68,-0.72,0.89,6.89,22.00,MISS,0.84
507.27,1.99,-0.62,0.70,0.41,0.78,7.98,36.00,MISS,0.52
500.10,1.99,0.08,0.83,0.68,0.56,1.00,3.00,MISS,0.07
531.27,1.99,-0.00,0.82,0.52,0.41,-0.00,1.00,HIT,-0.68
557.71,1.99,-0.00,0.83,0.31,0.50,-0.00,15.00,MISS,-0.80
574.44,1.99,-0.76,0.61,-0.28,0.91,7.96,29.00,MISS,0.23
583.71,1.99,-0.53,0.72,-0.65,0.74,7.98,43.00,MISS,-0.69
586.93,1.99,-1.13,0.64,0.49,0.91,4.87,5.00,MISS,0.82
562.79,1.99,-1.60,0.73,-0.32,0.74,7.84,21.00,MISS,0.58
573.30,1.99,2.58,0.74,0.82,0.35,2.19,0.00,BULLETHITBULLET,-0.34
594.44,1.99,-0.00,0.82,0.58,0.50,-0.00,12.00,MISS,-0.85
589.67,1.99,-4.53,0.56,-0.09,0.92,6.59,26.00,MISS,0.47
567.56,1.56,0.20,0.65,-0.51,0.91,8.00,41.00,MISS,-0.19
599.42,1.56,-0.00,0.76,0.68,0.83,0.00,0.00,MISS,0.38
606.88,0.81,-0.31,0.70,0.07,0.81,7.99,14.00,HIT,-0.17
241.35,1.99,-1.96,0.68,0.00,0.43,0.40,0.00,BULLETHITBULLET,-0.93
298.53,1.99,1.06,0.53,-0.63,0.92,7.93,13.00,BULLETHITBULLET,0.76
305.46,1.99,-0.72,0.66,0.54,0.87,3.94,7.00,MISS,1.00
339.17,1.99,2.91,0.58,0.66,0.91,7.45,21.00,MISS,0.58
398.98,1.99,7.11,0.64,0.32,0.84,3.67,35.00,MISS,0.40
474.99,1.99,1.85,0.76,0.57,0.89,4.25,0.00,MISS,0.46
510.86,1.99,-0.89,0.74,0.09,0.92,5.93,17.00,MISS,0.49
548.89,1.99,2.30,0.72,0.42,0.76,7.66,32.00,MISS,0.09
596.64,1.99,-0.00,0.69,0.09,0.80,0.00,13.00,BULLETHITBULLET,0.44
573.90,1.99,-0.61,0.68,0.49,0.83,0.15,0.00,MISS,-0.07
603.47,1.99,-1.91,0.78,-0.00,0.78,0.59,27.00,MISS,0.27
601.12,1.99,-0.00,0.68,0.07,0.82,-0.00,5.00,MISS,-0.34
609.12,0.10,-0.00,0.78,0.07,0.83,-0.00,19.00,MISS,-0.45
617.92,0.10,-0.03,0.73,0.14,0.78,6.00,30.00,HIT,0.34
622.39,0.10,0.00,0.53,-0.34,0.84,-0.00,1.00,MISS,-0.12
628.32,0.10,0.00,0.55,0.34,0.84,-0.00,12.00,MISS,-0.11
663.75,0.10,0.69,0.82,-0.12,0.52,0.14,0.00,MISS,-0.01
665.49,0.10,0.00,0.57,-0.11,0.82,0.00,10.00,MISS,0.26
686.08,0.10,0.00,0.66,0.00,0.83,0.00,25.00,MISS,0.73
657.45,0.10,-6.51,0.64,0.10,0.91,4.64,37.00,MISS,0.87
601.68,0.10,-3.24,0.67,0.43,0.96,7.31,48.00,HIT,0.44
574.51,1.99,-2.06,0.73,0.67,0.73,7.73,59.00,MISS,-0.55
592.55,1.99,2.13,0.63,0.46,0.89,5.61,6.00,HIT,0.65
644.85,0.10,2.76,0.68,-0.25,0.82,7.51,20.00,MISS,0.63
661.41,0.10,-0.62,0.82,-0.40,0.68,2.93,4.00,MISS,0.41
589.16,0.50,-7.41,0.70,0.66,0.50,3.01,17.00,MISS,-0.39
574.84,1.99,-0.00,0.48,0.41,0.84,-0.00,5.00,HIT,0.81
595.33,1.99,-0.73,0.53,-0.17,0.93,7.97,21.00,MISS,0.43
599.31,1.99,1.84,0.66,0.51,0.85,7.78,35.00,MISS,0.03
665.52,1.99,-1.20,0.72,0.64,0.84,1.60,2.00,MISS,-0.07
587.47,1.99,-3.14,0.78,0.04,0.75,4.14,0.00,MISS,-0.64
587.31,1.99,-0.00,0.72,0.25,0.84,-0.00,11.00,MISS,0.44
595.87,1.99,1.24,0.73,0.01,0.82,7.90,25.00,MISS,-0.09
590.44,0.23,1.46,0.67,-0.58,0.74,7.87,39.00,MISS,-0.84
579.83,0.43,0.65,0.51,0.56,0.96,5.96,9.00,HIT,0.63
598.33,0.40,1.81,0.62,0.07,0.94,7.79,20.00,MISS,0.75
638.47,0.10,0.00,0.85,0.65,0.85,-0.00,1.00,MISS,-0.86
637.31,0.45,-1.19,0.71,0.48,0.86,7.91,13.00,MISS,0.49
587.03,0.42,-0.85,0.68,-0.58,0.64,7.96,24.00,MISS,-0.04
593.35,0.39,0.00,0.34,0.64,0.84,-0.00,1.00,MISS,0.33
601.59,0.18,-1.73,0.48,0.13,0.94,7.81,13.00,MISS,0.16
603.73,0.10,0.00,0.59,0.33,0.84,-0.00,4.00,HIT,0.47
598.88,0.18,0.00,0.64,0.12,0.83,-0.00,17.00,MISS,0.96
611.81,0.10,1.01,0.65,0.24,0.97,7.94,30.00,MISS,0.76
624.79,0.10,1.02,0.67,0.63,0.90,7.94,41.00,HIT,0.16
626.73,0.10,1.01,0.67,0.66,0.74,7.94,52.00,MISS,-0.72
617.98,0.10,0.45,0.55,0.48,0.95,4.98,5.00,MISS,1.00
654.49,0.10,3.52,0.67,-0.50,0.94,7.18,20.00,MISS,0.95
693.50,0.10,4.31,0.72,0.78,0.85,6.74,31.00,MISS,0.94
684.80,0.10,-1.56,0.70,0.63,0.73,7.85,44.00,MISS,0.57
642.98,0.10,-3.59,0.69,0.79,0.75,7.15,58.00,MISS,-0.50
634.73,0.10,-0.00,0.72,0.65,0.86,-0.00,3.00,MISS,0.95
603.17,0.10,-2.40,0.63,-0.06,0.95,7.63,14.00,MISS,1.00
583.88,0.15,-1.17,0.65,0.58,0.94,7.91,25.00,MISS,0.84
595.88,0.10,1.05,0.67,0.81,0.96,7.93,38.00,MISS,0.38
614.98,0.10,-0.49,0.74,0.82,0.86,5.87,0.00,MISS,0.09
622.70,0.10,0.00,0.84,0.38,0.76,-0.00,8.00,HIT,0.45
341.56,1.99,-5.16,0.65,0.00,0.89,4.73,7.00,HIT,0.88
336.86,1.99,5.18,0.59,0.00,0.86,6.10,28.00,MISS,-0.61
362.84,1.99,0.45,0.63,0.07,0.90,5.98,6.00,MISS,0.16
384.87,1.99,-0.25,0.74,0.44,0.90,4.46,4.00,HIT,0.96
373.73,1.99,0.70,0.60,0.54,0.91,7.97,19.00,MISS,0.96
337.74,1.99,0.37,0.58,0.52,0.93,7.99,33.00,BULLETHITBULLET,0.96
288.77,1.99,0.06,0.73,0.96,0.83,2.27,0.00,MISS,-0.59
277.18,1.99,1.04,0.47,-0.40,0.90,7.93,16.00,BULLETHITBULLET,0.75
310.57,1.99,0.46,0.74,0.39,0.88,2.96,3.00,MISS,0.21
391.00,1.99,0.95,0.65,0.40,0.90,5.92,6.00,MISS,1.00
442.63,1.99,-2.20,0.66,0.61,0.92,7.69,6.00,BULLETHITBULLET,0.79
439.61,1.99,-2.35,0.66,0.46,0.91,7.65,20.00,BULLETHITBULLET,0.56
465.10,1.99,3.27,0.65,0.42,0.91,7.30,23.00,BULLETHITBULLET,0.58
423.92,1.99,1.76,0.58,-0.14,0.93,7.80,9.00,MISS,1.00
520.05,1.12,3.53,0.67,0.81,0.87,7.18,37.00,MISS,-0.11
579.08,1.24,0.55,0.85,0.35,0.66,0.73,0.00,MISS,-0.94
585.31,1.68,2.67,0.66,-0.03,0.90,7.54,18.00,MISS,0.74
659.64,0.10,4.85,0.70,-0.80,0.86,6.36,32.00,MISS,0.52
711.80,0.10,2.11,0.72,0.62,0.79,7.72,45.00,HIT,0.14
701.02,0.10,0.00,0.67,0.74,0.86,0.00,3.00,MISS,0.39
658.73,0.10,0.00,0.59,0.18,0.86,0.00,16.00,MISS,0.69
627.80,1.99,-0.29,0.49,0.12,0.91,4.99,27.00,HIT,0.64
629.83,1.99,2.30,0.57,0.63,0.88,7.66,44.00,BULLETHITBULLET,0.51
635.19,1.99,0.00,0.66,0.42,0.79,0.00,9.00,MISS,0.51
637.11,0.10,-1.07,0.69,0.26,0.88,7.93,23.00,MISS,0.35
633.37,0.10,-1.08,0.69,0.56,0.66,7.93,35.00,MISS,-0.63
622.54,0.10,-0.00,0.84,0.63,0.55,0.00,5.00,MISS,-1.00
604.95,1.99,1.92,0.55,-0.21,0.93,7.77,17.00,MISS,0.58
630.72,1.99,2.03,0.70,-0.74,0.83,7.74,31.00,MISS,0.30
644.95,1.46,-0.79,0.65,0.53,0.86,0.61,1.00,MISS,0.12
564.47,0.71,-5.36,0.67,0.58,0.78,0.12,0.00,MISS,0.46
544.05,0.66,-0.00,0.72,0.30,0.81,0.00,9.00,MISS,0.89
530.30,0.61,-2.06,0.66,0.21,0.96,7.73,21.00,MISS,0.66
555.60,0.71,1.05,0.68,0.70,0.86,7.93,33.00,MISS,0.32
571.67,0.10,2.77,0.78,0.60,0.76,2.89,5.00,MISS,0.12
610.70,0.10,0.00,0.83,0.32,0.68,0.00,2.00,HIT,-0.26
611.69,0.10,0.00,0.83,0.13,0.70,0.00,13.00,MISS,-0.75
610.30,0.10,2.24,0.65,-0.27,0.96,7.68,31.00,HIT,0.23
650.57,0.10,4.67,0.71,-0.66,0.89,6.50,42.00,MISS,-0.53
642.99,0.10,-0.00,0.80,0.36,0.85,0.00,5.00,MISS,0.95
630.34,0.10,0.75,0.67,-0.11,0.93,7.96,17.00,HIT,0.83
644.13,0.10,1.23,0.68,0.58,0.78,7.90,28.00,MISS,0.72
661.01,0.10,0.48,0.81,0.71,0.47,3.21,0.00,MISS,0.41
644.26,0.10,-5.53,0.70,0.59,0.44,5.78,11.00,HIT,0.36
665.06,0.10,0.16,0.60,-0.06,0.94,5.00,26.00,BULLETHITBULLET,0.85
625.12,0.10,-0.00,0.85,0.41,0.46,0.00,3.00,HIT,-0.26
643.01,0.10,-0.00,0.83,0.21,0.54,0.00,14.00,HIT,-0.74
648.47,0.10,-2.13,0.62,-0.44,0.95,7.71,37.00,BULLETHITBULLET,0.51
639.27,0.10,0.79,0.61,0.00,0.91,7.96,53.00,MISS,0.59
644.21,0.10,-2.99,0.69,0.52,0.60,7.42,69.00,MISS,0.20
639.47,0.10,0.00,0.53,0.59,0.85,0.00,7.00,MISS,-0.80
643.30,0.10,0.00,0.54,0.10,0.85,0.00,18.00,MISS,-0.88
660.03,0.10,1.85,0.75,-0.15,0.58,5.71,29.00,MISS,0.61
711.10,0.10,4.02,0.73,-0.75,0.35,6.91,40.00,MISS,-0.20
704.93,0.10,-0.00,0.20,-0.88,0.83,0.00,7.00,HIT,0.48
681.45,0.10,-0.00,0.09,0.64,0.86,0.00,18.00,BULLETHITBULLET,0.67
656.64,0.10,-1.28,0.21,-0.14,0.96,7.90,29.00,MISS,0.98
645.85,0.10,-0.70,0.56,0.64,0.95,7.97,41.00,MISS,0.76
643.98,0.10,0.36,0.68,0.70,0.95,7.99,52.00,MISS,0.41
662.71,0.10,4.19,0.69,0.96,0.87,6.81,7.00,MISS,0.20
692.70,0.10,0.00,0.87,0.76,0.73,0.00,2.00,MISS,0.36
673.49,0.10,0.00,0.87,0.41,0.73,0.00,14.00,MISS,0.60
661.26,0.10,-0.87,0.79,0.05,0.74,3.90,26.00,MISS,0.77
606.04,0.10,-6.60,0.68,0.38,0.65,4.52,37.00,HIT,0.37
230.56,1.99,-2.21,0.40,0.00,0.92,7.69,24.00,MISS,1.00
348.00,1.99,4.74,0.60,0.73,0.90,6.45,38.00,HIT,0.23
442.80,1.99,4.54,0.65,0.39,0.73,6.59,52.00,MISS,-1.00
452.79,1.99,0.23,0.63,0.26,0.92,8.00,9.00,MISS,0.85
488.46,1.99,0.33,0.67,-0.82,0.86,7.99,24.00,MISS,0.31
520.94,1.99,1.97,0.71,0.80,0.64,7.75,38.00,MISS,-0.63
510.83,1.99,0.00,0.84,0.47,0.43,0.00,8.00,MISS,-1.00
535.01,1.99,4.05,0.53,-0.32,0.91,6.90,24.00,MISS,0.75
590.92,1.99,4.86,0.65,-0.71,0.86,6.35,38.00,MISS,0.34
587.98,1.99,-1.99,0.72,0.60,0.75,7.75,52.00,MISS,-0.02
540.62,1.99,0.00,0.59,0.75,0.84,0.00,4.00,MISS,0.21
542.08,1.99,1.19,0.60,-0.01,0.90,3.52,0.00,MISS,0.37
547.67,1.99,0.00,0.57,0.20,0.85,0.00,12.00,MISS,0.84
532.26,1.99,-1.94,0.63,0.10,0.92,6.72,26.00,MISS,0.89
478.62,1.99,-2.25,0.69,0.58,0.80,7.68,43.00,MISS,0.50
463.96,1.99,2.83,0.68,0.81,0.58,7.48,57.00,MISS,-0.42
462.80,1.99,0.00,0.84,0.59,0.35,0.00,6.00,HIT,-0.68
456.80,1.99,4.51,0.45,-0.12,0.90,6.60,20.00,HIT,0.25
522.57,1.99,4.95,0.67,-0.60,0.90,6.29,34.00,MISS,-0.19
491.81,1.99,-5.90,0.68,0.31,0.77,5.40,9.00,MISS,-0.43
457.40,1.99,-0.00,0.82,-0.24,0.68,0.00,2.00,MISS,-0.68
463.37,1.99,0.42,0.65,-0.17,0.91,7.99,16.00,MISS,-0.21
499.27,1.99,-0.05,0.78,-0.77,0.83,0.31,0.00,MISS,0.62
508.09,1.99,-1.35,0.70,0.05,0.79,7.89,14.00,MISS,-0.06
458.61,1.99,0.28,0.60,0.73,0.85,1.10,1.00,BULLETHITBULLET,0.45
492.60,1.99,2.35,0.66,0.03,0.93,7.65,15.00,HIT,0.58
417.41,1.05,-3.90,0.59,0.51,0.89,6.99,22.00,BULLETHITBULLET,0.48
221.58,1.99,2.13,0.36,0.00,0.85,7.71,10.00,MISS,-0.70
244.61,1.99,3.97,0.43,-0.54,0.88,6.94,10.00,BULLETHITBULLET,0.58
282.05,1.99,-0.00,0.73,0.32,0.75,-0.00,3.00,MISS,0.78
220.18,1.99,-2.37,0.31,0.77,0.86,3.22,0.00,MISS,-0.72
263.70,1.99,0.72,0.67,-0.92,0.80,1.86,0.00,MISS,-1.00
283.47,1.99,1.44,0.41,-0.69,0.92,7.87,13.00,MISS,0.48
292.36,1.99,-0.55,0.67,0.60,0.83,2.45,2.00,MISS,1.00
282.80,1.99,1.40,0.51,0.68,0.93,7.88,16.00,MISS,0.65
322.13,1.99,0.00,0.76,0.46,0.76,-0.00,1.00,MISS,-0.71
333.05,1.99,-0.02,0.55,-0.54,0.91,8.00,15.00,HIT,0.56
303.70,1.99,-6.36,0.55,0.30,0.86,4.85,9.00,MISS,-0.62
291.80,1.99,-1.07,0.56,-0.12,0.90,6.92,9.00,BULLETHITBULLET,0.82
276.99,1.99,-0.40,0.47,0.71,0.90,7.99,23.00,MISS,0.68
283.88,1.99,0.15,0.66,0.73,0.72,4.00,0.00,MISS,-1.00
341.83,1.99,4.64,0.58,0.82,0.88,6.52,29.00,BULLETHITBULLET,0.25
278.70,1.99,0.14,0.47,-0.57,0.90,8.00,12.00,MISS,1.00
324.80,1.99,1.66,0.57,0.00,0.84,7.82,43.00,HIT,-0.06
317.99,1.99,-0.61,0.65,0.22,0.89,4.85,5.00,BULLETHITBULLET,0.88
349.22,1.99,0.81,0.57,0.62,0.94,7.96,19.00,HIT,0.93
382.53,1.99,2.43,0.62,0.49,0.92,7.62,33.00,MISS,0.81
356.82,1.99,0.63,0.59,0.90,0.92,7.98,47.00,MISS,0.08
406.09,1.99,-0.35,0.75,0.84,0.86,0.94,1.00,MISS,1.00
400.21,1.99,-2.86,0.63,0.43,0.91,7.47,15.00,HIT,0.57
418.24,1.99,2.61,0.63,0.94,0.83,7.56,29.00,MISS,-0.49
430.31,1.99,0.00,0.63,0.59,0.81,-0.00,7.00,MISS,1.00
478.59,0.10,4.13,0.60,-0.44,0.92,6.85,23.00,MISS,1.00
533.27,0.10,5.50,0.65,0.82,0.92,5.81,34.00,MISS,0.70
553.58,1.99,1.79,0.71,0.77,0.86,7.80,45.00,MISS,0.41
546.97,1.99,-0.00,0.85,0.70,0.72,-0.00,1.00,MISS,0.10
492.08,1.99,-5.80,0.68,0.37,0.76,5.51,15.00,HIT,-0.42
596.61,1.99,-3.51,0.53,0.00,0.74,1.93,9.00,HIT,0.73
525.67,1.99,-6.99,0.67,0.26,0.76,3.89,23.00,MISS,0.16
389.77,1.99,-8.00,0.64,0.61,0.64,0.10,37.00,MISS,-1.00
293.34,1.99,2.55,0.54,-0.66,0.92,7.58,54.00,MISS,0.10
420.39,1.99,6.52,0.66,0.27,0.81,4.64,6.00,MISS,-0.33
455.44,1.99,0.00,0.74,0.22,0.82,-0.00,5.00,HIT,0.74
440.55,1.99,0.12,0.66,-0.17,0.93,8.00,20.00,MISS,0.03
424.50,1.99,-0.06,0.79,0.77,0.87,2.00,0.00,MISS,-1.00
453.17,1.99,3.53,0.67,0.13,0.90,7.18,13.00,MISS,0.69
564.15,1.99,2.57,0.68,0.52,0.93,7.58,32.00,MISS,0.37
603.14,1.99,0.00,0.86,0.69,0.74,-0.00,5.00,MISS,-0.24
611.71,1.99,0.48,0.62,0.27,0.86,7.99,19.00,HIT,-0.11
620.13,1.99,0.00,0.79,-0.25,0.67,-0.00,7.00,MISS,0.22
630.67,1.99,-0.27,0.81,-0.24,0.65,0.96,21.00,MISS,0.06
643.08,1.99,-0.00,0.85,-0.08,0.53,-0.00,1.00,MISS,-0.33
644.82,1.99,-0.00,0.85,0.22,0.55,-0.00,15.00,MISS,-0.34
647.00,1.99,-0.34,0.58,0.17,0.88,4.99,29.00,MISS,0.46
665.04,1.99,0.00,0.78,-0.33,0.71,-0.00,1.00,MISS,-0.63
662.83,1.99,0.00,0.76,-0.34,0.72,-0.00,15.00,MISS,-0.69
610.21,1.99,-3.80,0.74,-0.23,0.71,7.04,30.00,HIT,0.21
540.24,1.99,-3.88,0.71,-0.60,0.55,6.99,44.00,MISS,-0.82
516.90,1.99,0.26,0.43,0.48,0.91,6.18,6.00,MISS,0.90
533.20,1.99,1.97,0.59,-0.42,0.91,7.75,20.00,HIT,0.57
477.02,1.99,0.10,0.66,0.00,0.93,7.00,7.00,MISS,0.65
528.87,1.99,0.00,0.63,0.65,0.84,-0.00,1.00,BULLETHITBULLET,0.46
499.69,1.99,1.09,0.68,0.41,0.81,7.93,21.00,MISS,0.25
539.90,1.99,0.00,0.65,0.29,0.84,-0.00,15.00,MISS,0.75
557.44,1.99,1.68,0.65,0.21,0.88,7.82,32.00,HIT,0.36
602.32,1.99,4.18,0.71,0.58,0.71,6.82,47.00,MISS,-0.34
661.29,1.99,-2.10,0.66,0.54,0.86,2.14,3.00,MISS,0.08
591.53,1.99,-5.88,0.72,-0.14,0.81,5.43,17.00,HIT,-0.43
550.32,1.99,0.84,0.71,0.37,0.89,1.82,4.00,MISS,0.26
565.45,1.99,1.70,0.72,-0.23,0.82,7.82,18.00,MISS,-0.49
549.53,1.99,-0.00,0.84,0.47,0.62,-0.00,7.00,MISS,-0.59
574.63,1.99,3.55,0.63,-0.11,0.88,7.17,21.00,MISS,-0.07
631.60,1.99,3.77,0.73,-0.63,0.67,7.05,36.00,MISS,-0.75
655.27,1.99,0.61,0.55,-0.68,0.89,5.97,6.00,MISS,0.57
702.34,1.99,3.52,0.71,-0.46,0.79,7.18,25.00,MISS,0.13
706.42,1.99,0.69,0.60,0.63,0.89,1.88,2.00,MISS,0.28
699.01,1.99,0.00,0.85,0.57,0.55,-0.00,7.00,MISS,-0.51
689.21,1.99,0.00,0.82,0.15,0.52,-0.00,21.00,MISS,-0.89
677.43,1.99,-0.78,0.52,0.22,0.88,7.96,39.00,MISS,0.98
684.26,1.99,1.00,0.69,-0.49,0.80,7.94,53.00,MISS,0.73
708.94,1.99,1.61,0.76,0.66,0.73,7.84,69.00,MISS,0.12
652.41,1.99,-4.99,0.76,0.94,0.66,6.25,83.00,MISS,-0.56
606.48,1.99,-0.00,0.53,0.73,0.85,-0.00,9.00,HIT,0.81
579.54,1.99,0.84,0.40,0.28,0.93,7.96,23.00,MISS,0.76
598.83,1.99,3.01,0.54,-0.45,0.91,7.41,37.00,MISS,0.42
633.69,1.80,-0.32,0.71,0.61,0.80,5.05,4.00,MISS,0.04
630.15,1.05,0.00,0.86,0.42,0.73,-0.00,5.00,MISS,-0.16
633.11,0.30,0.00,0.86,0.42,0.77,-0.00,18.00,MISS,-0.18
643.05,0.25,0.35,0.70,0.09,0.96,6.99,30.00,MISS,0.10
621.94,0.15,-0.00,0.84,0.06,0.83,-0.00,19.00,BULLETHITBULLET,-0.80
640.12,0.20,0.00,0.87,-0.16,0.83,-0.00,6.00,MISS,-0.39
613.51,0.10,-1.40,0.78,-0.06,0.91,4.80,30.00,MISS,0.43
589.13,0.10,-0.55,0.77,0.43,0.78,3.45,0.00,MISS,-0.43
608.47,0.10,-0.00,0.74,0.44,0.83,-0.00,10.00,MISS,0.86
738.87,1.99,-4.05,0.36,-0.10,0.93,6.90,28.00,BULLETHITBULLET,0.44
742.11,1.99,0.00,0.87,0.00,0.20,0.00,14.00,MISS,-0.83
694.38,1.99,-3.13,0.52,-0.39,0.89,7.36,42.00,MISS,0.82
689.58,1.99,-0.12,0.65,-0.76,0.78,8.00,59.00,BULLETHITBULLET,-0.21
586.81,1.99,-3.31,0.72,0.69,0.64,7.28,88.00,BULLETHITBULLET,0.19
661.96,1.99,-3.59,0.70,0.64,0.74,7.15,73.00,MISS,-0.01
542.42,1.99,0.12,0.45,0.38,0.91,7.69,8.00,MISS,0.42
562.47,1.99,0.81,0.64,0.39,0.87,7.96,23.00,MISS,0.02
584.20,1.99,0.11,0.71,0.64,0.84,0.99,1.00,MISS,0.50
613.45,1.99,-0.00,0.79,0.02,0.79,0.00,5.00,HIT,-0.45
587.44,1.99,0.01,0.72,0.37,0.77,8.00,23.00,HIT,-0.17
566.22,1.99,-0.00,0.60,-0.39,0.85,0.00,1.00,MISS,0.76
542.70,1.99,1.05,0.50,0.26,0.89,3.86,16.00,MISS,0.47
582.09,1.99,3.72,0.63,0.39,0.88,7.08,30.00,MISS,-0.24
625.79,1.99,-0.32,0.66,0.65,0.82,0.95,1.00,MISS,0.53
